[0m[32mDownload[0m https://registry.npmjs.org/vite
[0m[32mDownload[0m https://esm.sh/@supabase/supabase-js@2
[0m[32mDownload[0m https://esm.sh/@supabase/supabase-js@2.45.0
[0m[32mDownload[0m https://registry.npmjs.org/@supabase%2fsupabase-js
[0m[32mDownload[0m https://registry.npmjs.org/google-auth-library
[0m[32mDownload[0m https://esm.sh/@supabase/supabase-js@2.112.4
[0m[32mDownload[0m https://esm.sh/@supabase/supabase-js@2.45.0/dist/module/index.d.ts
[0m[32mDownload[0m https://esm.sh/@supabase/supabase-js@2.112.4/dist/index.d.mts
[0m[32mDownload[0m https://esm.sh/@supabase/supabase-js@2.45.0/dist/module/SupabaseClient.d.ts
[0m[32mDownload[0m https://esm.sh/@supabase/supabase-js@2.45.0/dist/module/lib/types.d.ts
[0m[32mDownload[0m https://esm.sh/@supabase/auth-js@2.64.4/dist/module/index.d.ts
[0m[32mDownload[0m https://esm.sh/@supabase/postgrest-js@1.15.8/dist/cjs/index.d.ts
[0m[32mDownload[0m https://esm.sh/@supabase/functions-js@2.4.1/dist/module/index.d.ts
[0m[32mDownload[0m https://esm.sh/@supabase/realtime-js@2.10.2/dist/module/index.d.ts
[0m[32mDownload[0m https://esm.sh/@supabase/functions-js@2.112.4/dist/module/index.d.ts
[0m[32mDownload[0m https://esm.sh/@supabase/postgrest-js@2.112.4/dist/index.d.mts
[0m[32mDownload[0m https://esm.sh/@supabase/realtime-js@2.112.4/dist/module/index.d.ts
[0m[32mDownload[0m https://esm.sh/@supabase/storage-js@2.112.4/dist/index.d.mts
[0m[32mDownload[0m https://esm.sh/@supabase/auth-js@2.112.4/dist/module/index.d.ts
[0m[32mDownload[0m https://esm.sh/@supabase/storage-js@2.6.0/dist/module/index.d.ts
[0m[32mDownload[0m https://esm.sh/@supabase/supabase-js@2.45.0/dist/module/lib/SupabaseAuthClient.d.ts
[0m[32mDownload[0m https://esm.sh/@supabase/auth-js@2.64.4/dist/module/GoTrueAdminApi.d.ts
[0m[32mDownload[0m https://esm.sh/@supabase/auth-js@2.64.4/dist/module/GoTrueClient.d.ts
[0m[32mDownload[0m https://esm.sh/@supabase/auth-js@2.64.4/dist/module/AuthAdminApi.d.ts
[0m[32mDownload[0m https://esm.sh/@supabase/auth-js@2.64.4/dist/module/AuthClient.d.ts
[0m[32mDownload[0m https://esm.sh/@supabase/auth-js@2.64.4/dist/module/lib/types.d.ts
[0m[32mDownload[0m https://esm.sh/@supabase/auth-js@2.64.4/dist/module/lib/errors.d.ts
[0m[32mDownload[0m https://esm.sh/@supabase/auth-js@2.64.4/dist/module/lib/locks.d.ts
[0m[32mDownload[0m https://esm.sh/@supabase/postgrest-js@1.15.8/dist/cjs/PostgrestClient.d.ts
[0m[32mDownload[0m https://esm.sh/@supabase/postgrest-js@1.15.8/dist/cjs/PostgrestQueryBuilder.d.ts
[0m[32mDownload[0m https://esm.sh/@supabase/postgrest-js@1.15.8/dist/cjs/PostgrestFilterBuilder.d.ts
[0m[32mDownload[0m https://esm.sh/@supabase/postgrest-js@1.15.8/dist/cjs/PostgrestTransformBuilder.d.ts
[0m[32mDownload[0m https://esm.sh/@supabase/postgrest-js@1.15.8/dist/cjs/PostgrestBuilder.d.ts
[0m[32mDownload[0m https://esm.sh/@supabase/postgrest-js@1.15.8/dist/cjs/types.d.ts
[0m[32mDownload[0m https://esm.sh/@supabase/functions-js@2.4.1/dist/module/FunctionsClient.d.ts
[0m[32mDownload[0m https://esm.sh/@supabase/functions-js@2.4.1/dist/module/types.d.ts
[0m[32mDownload[0m https://esm.sh/@supabase/realtime-js@2.10.2/dist/module/RealtimeClient.d.ts
[0m[32mDownload[0m https://esm.sh/@supabase/realtime-js@2.10.2/dist/module/RealtimeChannel.d.ts
[0m[32mDownload[0m https://esm.sh/@supabase/realtime-js@2.10.2/dist/module/RealtimePresence.d.ts
[0m[32mDownload[0m https://esm.sh/@supabase/functions-js@2.112.4/dist/module/FunctionsClient.d.ts
[0m[32mDownload[0m https://esm.sh/@supabase/functions-js@2.112.4/dist/module/types.d.ts
[0m[32mDownload[0m https://esm.sh/@supabase/realtime-js@2.112.4/dist/module/RealtimeClient.d.ts
[0m[32mDownload[0m https://esm.sh/@supabase/realtime-js@2.112.4/dist/module/RealtimeChannel.d.ts
[0m[32mDownload[0m https://esm.sh/@supabase/realtime-js@2.112.4/dist/module/RealtimePresence.d.ts
[0m[32mDownload[0m https://esm.sh/@supabase/realtime-js@2.112.4/dist/module/lib/websocket-factory.d.ts
[0m[32mDownload[0m https://esm.sh/iceberg-js@0.8.1/dist/index.d.ts
[0m[32mDownload[0m https://esm.sh/@supabase/auth-js@2.112.4/dist/module/GoTrueAdminApi.d.ts
[0m[32mDownload[0m https://esm.sh/@supabase/auth-js@2.112.4/dist/module/GoTrueClient.d.ts
[0m[32mDownload[0m https://esm.sh/@supabase/auth-js@2.112.4/dist/module/AuthAdminApi.d.ts
[0m[32mDownload[0m https://esm.sh/@supabase/auth-js@2.112.4/dist/module/AuthClient.d.ts
[0m[32mDownload[0m https://esm.sh/@supabase/auth-js@2.112.4/dist/module/lib/types.d.ts
[0m[32mDownload[0m https://esm.sh/@supabase/auth-js@2.112.4/dist/module/lib/errors.d.ts
[0m[32mDownload[0m https://esm.sh/@supabase/auth-js@2.112.4/dist/module/lib/locks.d.ts
[0m[32mDownload[0m https://esm.sh/@supabase/storage-js@2.6.0/dist/module/StorageClient.d.ts
[0m[32mDownload[0m https://esm.sh/@supabase/storage-js@2.6.0/dist/module/lib/types.d.ts
[0m[32mDownload[0m https://esm.sh/@supabase/storage-js@2.6.0/dist/module/lib/errors.d.ts
[0m[32mDownload[0m https://esm.sh/@supabase/auth-js@2.64.4/dist/module/lib/fetch.d.ts
[0m[32mDownload[0m https://esm.sh/@supabase/auth-js@2.64.4/dist/module/lib/helpers.d.ts
[0m[32mDownload[0m https://esm.sh/@supabase/auth-js@2.64.4/dist/module/lib/error-codes.d.ts
[0m[32mDownload[0m https://esm.sh/@supabase/postgrest-js@1.15.8/dist/cjs/select-query-parser.d.ts
[0m[32mDownload[0m https://esm.sh/@types/ws@8.5.13/index.d.mts
[0m[32mDownload[0m https://esm.sh/@supabase/realtime-js@2.10.2/dist/module/lib/constants.d.ts
[0m[32mDownload[0m https://esm.sh/@supabase/realtime-js@2.10.2/dist/module/lib/serializer.d.ts
[0m[32mDownload[0m https://esm.sh/@supabase/realtime-js@2.10.2/dist/module/lib/timer.d.ts
[0m[32mDownload[0m https://esm.sh/@supabase/realtime-js@2.10.2/dist/module/lib/push.d.ts
[0m[32mDownload[0m https://esm.sh/@types/phoenix@1.6.6/index.d.ts
[0m[32mDownload[0m https://esm.sh/@supabase/realtime-js@2.112.4/dist/module/lib/serializer.d.ts
[0m[32mDownload[0m https://esm.sh/@supabase/realtime-js@2.112.4/dist/module/phoenix/types.d.ts
[0m[32mDownload[0m https://esm.sh/@supabase/realtime-js@2.112.4/dist/module/lib/constants.d.ts
[0m[32mDownload[0m https://esm.sh/@supabase/realtime-js@2.112.4/dist/module/RealtimePostgresFilterBuilder.d.ts
[0m[32mDownload[0m https://esm.sh/@supabase/phoenix@0.4.5/priv/static/types/index.d.ts
[0m[32mDownload[0m https://esm.sh/@supabase/auth-js@2.112.4/dist/module/lib/fetch.d.ts
[0m[32mDownload[0m https://esm.sh/@supabase/auth-js@2.112.4/dist/module/lib/helpers.d.ts
[0m[32mDownload[0m https://esm.sh/@supabase/auth-js@2.112.4/dist/module/lib/web3/ethereum.d.ts
[0m[32mDownload[0m https://esm.sh/@supabase/auth-js@2.112.4/dist/module/lib/web3/solana.d.ts
[0m[32mDownload[0m https://esm.sh/@supabase/auth-js@2.112.4/dist/module/lib/webauthn.d.ts
[0m[32mDownload[0m https://esm.sh/@supabase/auth-js@2.112.4/dist/module/lib/webauthn.dom.d.ts
[0m[32mDownload[0m https://esm.sh/@supabase/auth-js@2.112.4/dist/module/lib/error-codes.d.ts
[0m[32mDownload[0m https://esm.sh/@supabase/storage-js@2.6.0/dist/module/packages/StorageFileApi.d.ts
[0m[32mDownload[0m https://esm.sh/@supabase/storage-js@2.6.0/dist/module/packages/StorageBucketApi.d.ts
[0m[32mDownload[0m https://esm.sh/@supabase/storage-js@2.6.0/dist/module/lib/fetch.d.ts
[0m[32mDownload[0m https://esm.sh/@supabase/phoenix@0.4.5/priv/static/types/types.d.ts
[0m[32mDownload[0m https://esm.sh/@supabase/phoenix@0.4.5/priv/static/types/channel.d.ts
[0m[32mDownload[0m https://esm.sh/@supabase/phoenix@0.4.5/priv/static/types/longpoll.d.ts
[0m[32mDownload[0m https://esm.sh/@supabase/phoenix@0.4.5/priv/static/types/presence.d.ts
[0m[32mDownload[0m https://esm.sh/@supabase/phoenix@0.4.5/priv/static/types/push.d.ts
[0m[32mDownload[0m https://esm.sh/@supabase/phoenix@0.4.5/priv/static/types/serializer.d.ts
[0m[32mDownload[0m https://esm.sh/@supabase/phoenix@0.4.5/priv/static/types/socket.d.ts
[0m[32mDownload[0m https://esm.sh/@supabase/phoenix@0.4.5/priv/static/types/timer.d.ts
[0m[32mDownload[0m https://esm.sh/@supabase/auth-js@2.112.4/dist/module/lib/webauthn.errors.d.ts
[0m[32mDownload[0m https://esm.sh/@supabase/phoenix@0.4.5/priv/static/types/constants.d.ts
[0m[32mDownload[0m https://europe-west1-npm.pkg.dev/lovable-core-prod/sandbox-npm-cache/@eslint/js/-/js-9.39.5.tgz
[0m[32mDownload[0m https://europe-west1-npm.pkg.dev/lovable-core-prod/sandbox-npm-cache/@radix-ui/react-navigation-menu/-/react-navigation-menu-1.2.22.tgz
[0m[32mDownload[0m https://europe-west1-npm.pkg.dev/lovable-core-prod/sandbox-npm-cache/@supabase/supabase-js/-/supabase-js-2.112.3.tgz
[0m[32mDownload[0m https://europe-west1-npm.pkg.dev/lovable-core-prod/sandbox-npm-cache/@radix-ui/react-progress/-/react-progress-1.1.16.tgz
[0m[32mDownload[0m https://europe-west1-npm.pkg.dev/lovable-core-prod/sandbox-npm-cache/prettier/-/prettier-3.9.6.tgz
[0m[32mDownload[0m https://europe-west1-npm.pkg.dev/lovable-core-prod/sandbox-npm-cache/@lovable.dev/mcp-js/-/mcp-js-0.20.1.tgz
[0m[32mDownload[0m https://europe-west1-npm.pkg.dev/lovable-core-prod/sandbox-npm-cache/tw-animate-css/-/tw-animate-css-1.4.0.tgz
[0m[32mDownload[0m https://europe-west1-npm.pkg.dev/lovable-core-prod/sandbox-npm-cache/input-otp/-/input-otp-1.4.2.tgz
[0m[32mDownload[0m https://europe-west1-npm.pkg.dev/lovable-core-prod/sandbox-npm-cache/class-variance-authority/-/class-variance-authority-0.7.1.tgz
[0m[32mDownload[0m https://europe-west1-npm.pkg.dev/lovable-core-prod/sandbox-npm-cache/tailwindcss/-/tailwindcss-4.3.3.tgz
[0m[32mDownload[0m https://europe-west1-npm.pkg.dev/lovable-core-prod/sandbox-npm-cache/@radix-ui/react-toggle/-/react-toggle-1.1.18.tgz
[0m[32mDownload[0m https://europe-west1-npm.pkg.dev/lovable-core-prod/sandbox-npm-cache/tailwind-merge/-/tailwind-merge-3.6.0.tgz
[0m[32mDownload[0m https://europe-west1-npm.pkg.dev/lovable-core-prod/sandbox-npm-cache/@radix-ui/react-hover-card/-/react-hover-card-1.1.23.tgz
[0m[32mDownload[0m https://europe-west1-npm.pkg.dev/lovable-core-prod/sandbox-npm-cache/@radix-ui/react-separator/-/react-separator-1.1.15.tgz
[0m[32mDownload[0m https://europe-west1-npm.pkg.dev/lovable-core-prod/sandbox-npm-cache/@radix-ui/react-checkbox/-/react-checkbox-1.3.11.tgz
[0m[32mDownload[0m https://europe-west1-npm.pkg.dev/lovable-core-prod/sandbox-npm-cache/eslint/-/eslint-9.39.5.tgz
[0m[32mDownload[0m https://europe-west1-npm.pkg.dev/lovable-core-prod/sandbox-npm-cache/@radix-ui/react-slot/-/react-slot-1.3.3.tgz
[0m[32mDownload[0m https://europe-west1-npm.pkg.dev/lovable-core-prod/sandbox-npm-cache/lucide-react/-/lucide-react-0.575.0.tgz
[0m[32mDownload[0m https://europe-west1-npm.pkg.dev/lovable-core-prod/sandbox-npm-cache/@radix-ui/react-slider/-/react-slider-1.4.7.tgz
[0m[32mDownload[0m https://europe-west1-npm.pkg.dev/lovable-core-prod/sandbox-npm-cache/@radix-ui/react-tabs/-/react-tabs-1.1.21.tgz
[0m[32mDownload[0m https://europe-west1-npm.pkg.dev/lovable-core-prod/sandbox-npm-cache/@radix-ui/react-scroll-area/-/react-scroll-area-1.2.18.tgz
[0m[32mDownload[0m https://europe-west1-npm.pkg.dev/lovable-core-prod/sandbox-npm-cache/eslint-plugin-react-refresh/-/eslint-plugin-react-refresh-0.4.26.tgz
[0m[32mDownload[0m https://europe-west1-npm.pkg.dev/lovable-core-prod/sandbox-npm-cache/zod/-/zod-4.4.3.tgz
[0m[32mDownload[0m https://europe-west1-npm.pkg.dev/lovable-core-prod/sandbox-npm-cache/@supabase/supabase-js/-/supabase-js-2.45.0.tgz
[0m[32mDownload[0m https://europe-west1-npm.pkg.dev/lovable-core-prod/sandbox-npm-cache/eslint-plugin-react-hooks/-/eslint-plugin-react-hooks-5.2.0.tgz
[0m[32mDownload[0m https://europe-west1-npm.pkg.dev/lovable-core-prod/sandbox-npm-cache/@types/node/-/node-22.20.1.tgz
[0m[32mDownload[0m https://europe-west1-npm.pkg.dev/lovable-core-prod/sandbox-npm-cache/@radix-ui/react-dropdown-menu/-/react-dropdown-menu-2.1.24.tgz
[0m[32mDownload[0m https://europe-west1-npm.pkg.dev/lovable-core-prod/sandbox-npm-cache/vite-tsconfig-paths/-/vite-tsconfig-paths-6.1.1.tgz
[0m[32mDownload[0m https://europe-west1-npm.pkg.dev/lovable-core-prod/sandbox-npm-cache/@tanstack/react-query/-/react-query-5.101.4.tgz
[0m[32mDownload[0m https://europe-west1-npm.pkg.dev/lovable-core-prod/sandbox-npm-cache/@hookform/resolvers/-/resolvers-5.8.0.tgz
[0m[32mDownload[0m https://europe-west1-npm.pkg.dev/lovable-core-prod/sandbox-npm-cache/@radix-ui/react-popover/-/react-popover-1.1.23.tgz
[0m[32mDownload[0m https://europe-west1-npm.pkg.dev/lovable-core-prod/sandbox-npm-cache/@radix-ui/react-aspect-ratio/-/react-aspect-ratio-1.1.15.tgz
[0m[32mDownload[0m https://europe-west1-npm.pkg.dev/lovable-core-prod/sandbox-npm-cache/@lovable.dev/cloud-auth-js/-/cloud-auth-js-1.1.2.tgz
[0m[32mDownload[0m https://europe-west1-npm.pkg.dev/lovable-core-prod/sandbox-npm-cache/@radix-ui/react-menubar/-/react-menubar-1.1.24.tgz
[0m[32mDownload[0m https://europe-west1-npm.pkg.dev/lovable-core-prod/sandbox-npm-cache/clsx/-/clsx-2.1.1.tgz
[0m[32mDownload[0m https://europe-west1-npm.pkg.dev/lovable-core-prod/sandbox-npm-cache/@radix-ui/react-select/-/react-select-2.3.7.tgz
[0m[32mDownload[0m https://europe-west1-npm.pkg.dev/lovable-core-prod/sandbox-npm-cache/@tailwindcss/vite/-/vite-4.3.3.tgz
[0m[32mDownload[0m https://europe-west1-npm.pkg.dev/lovable-core-prod/sandbox-npm-cache/typescript/-/typescript-5.9.3.tgz
[0m[32mDownload[0m https://europe-west1-npm.pkg.dev/lovable-core-prod/sandbox-npm-cache/eslint-plugin-prettier/-/eslint-plugin-prettier-5.5.6.tgz
[0m[32mDownload[0m https://europe-west1-npm.pkg.dev/lovable-core-prod/sandbox-npm-cache/@tanstack/react-router/-/react-router-1.170.28.tgz
[0m[32mDownload[0m https://europe-west1-npm.pkg.dev/lovable-core-prod/sandbox-npm-cache/vite/-/vite-7.3.6.tgz
[0m[32mDownload[0m https://europe-west1-npm.pkg.dev/lovable-core-prod/sandbox-npm-cache/recharts/-/recharts-2.15.4.tgz
[0m[32mDownload[0m https://europe-west1-npm.pkg.dev/lovable-core-prod/sandbox-npm-cache/@radix-ui/react-accordion/-/react-accordion-1.2.20.tgz
[0m[32mDownload[0m https://europe-west1-npm.pkg.dev/lovable-core-prod/sandbox-npm-cache/react-day-picker/-/react-day-picker-9.14.0.tgz
[0m[32mDownload[0m https://europe-west1-npm.pkg.dev/lovable-core-prod/sandbox-npm-cache/@types/react-dom/-/react-dom-19.2.4.tgz
[0m[32mDownload[0m https://europe-west1-npm.pkg.dev/lovable-core-prod/sandbox-npm-cache/@radix-ui/react-toggle-group/-/react-toggle-group-1.1.19.tgz
[0m[32mDownload[0m https://europe-west1-npm.pkg.dev/lovable-core-prod/sandbox-npm-cache/react/-/react-19.2.8.tgz
[0m[32mDownload[0m https://europe-west1-npm.pkg.dev/lovable-core-prod/sandbox-npm-cache/@radix-ui/react-collapsible/-/react-collapsible-1.1.20.tgz
[0m[32mDownload[0m https://europe-west1-npm.pkg.dev/lovable-core-prod/sandbox-npm-cache/nitro/-/nitro-3.0.260603-beta.tgz
[0m[32mDownload[0m https://europe-west1-npm.pkg.dev/lovable-core-prod/sandbox-npm-cache/@radix-ui/react-alert-dialog/-/react-alert-dialog-1.1.23.tgz
[0m[32mDownload[0m https://europe-west1-npm.pkg.dev/lovable-core-prod/sandbox-npm-cache/@tanstack/router-plugin/-/router-plugin-1.168.31.tgz
[0m[32mDownload[0m https://europe-west1-npm.pkg.dev/lovable-core-prod/sandbox-npm-cache/@lovable.dev/vite-tanstack-config/-/vite-tanstack-config-2.13.1.tgz
[0m[32mDownload[0m https://europe-west1-npm.pkg.dev/lovable-core-prod/sandbox-npm-cache/eslint-config-prettier/-/eslint-config-prettier-10.1.8.tgz
[0m[32mDownload[0m https://europe-west1-npm.pkg.dev/lovable-core-prod/sandbox-npm-cache/typescript-eslint/-/typescript-eslint-8.67.0.tgz
[0m[32mDownload[0m https://europe-west1-npm.pkg.dev/lovable-core-prod/sandbox-npm-cache/date-fns/-/date-fns-4.4.0.tgz
[0m[32mDownload[0m https://europe-west1-npm.pkg.dev/lovable-core-prod/sandbox-npm-cache/@radix-ui/react-avatar/-/react-avatar-1.2.6.tgz
[0m[32mDownload[0m https://europe-west1-npm.pkg.dev/lovable-core-prod/sandbox-npm-cache/@radix-ui/react-dialog/-/react-dialog-1.1.23.tgz
[0m[32mDownload[0m https://europe-west1-npm.pkg.dev/lovable-core-prod/sandbox-npm-cache/@radix-ui/react-label/-/react-label-2.1.15.tgz
[0m[32mDownload[0m https://europe-west1-npm.pkg.dev/lovable-core-prod/sandbox-npm-cache/vaul/-/vaul-1.1.2.tgz
[0m[32mDownload[0m https://europe-west1-npm.pkg.dev/lovable-core-prod/sandbox-npm-cache/@types/react/-/react-19.2.18.tgz
[0m[32mDownload[0m https://europe-west1-npm.pkg.dev/lovable-core-prod/sandbox-npm-cache/@vitejs/plugin-react/-/plugin-react-5.2.0.tgz
[0m[32mDownload[0m https://europe-west1-npm.pkg.dev/lovable-core-prod/sandbox-npm-cache/google-auth-library/-/google-auth-library-9.15.0.tgz
[0m[32mDownload[0m https://europe-west1-npm.pkg.dev/lovable-core-prod/sandbox-npm-cache/@radix-ui/react-tooltip/-/react-tooltip-1.2.16.tgz
[0m[32mDownload[0m https://europe-west1-npm.pkg.dev/lovable-core-prod/sandbox-npm-cache/@radix-ui/react-switch/-/react-switch-1.3.7.tgz
[0m[32mDownload[0m https://europe-west1-npm.pkg.dev/lovable-core-prod/sandbox-npm-cache/@tanstack/react-start/-/react-start-1.168.45.tgz
[0m[32mDownload[0m https://europe-west1-npm.pkg.dev/lovable-core-prod/sandbox-npm-cache/@radix-ui/react-context-menu/-/react-context-menu-2.3.7.tgz
[0m[32mDownload[0m https://europe-west1-npm.pkg.dev/lovable-core-prod/sandbox-npm-cache/cmdk/-/cmdk-1.1.1.tgz
[0m[32mDownload[0m https://europe-west1-npm.pkg.dev/lovable-core-prod/sandbox-npm-cache/react-hook-form/-/react-hook-form-7.85.0.tgz
[0m[32mDownload[0m https://europe-west1-npm.pkg.dev/lovable-core-prod/sandbox-npm-cache/react-dom/-/react-dom-19.2.8.tgz
[0m[32mDownload[0m https://europe-west1-npm.pkg.dev/lovable-core-prod/sandbox-npm-cache/sonner/-/sonner-2.0.8.tgz
[0m[32mDownload[0m https://europe-west1-npm.pkg.dev/lovable-core-prod/sandbox-npm-cache/@radix-ui/react-radio-group/-/react-radio-group-1.4.7.tgz
[0m[32mDownload[0m https://europe-west1-npm.pkg.dev/lovable-core-prod/sandbox-npm-cache/react-resizable-panels/-/react-resizable-panels-4.12.2.tgz
[0m[32mDownload[0m https://europe-west1-npm.pkg.dev/lovable-core-prod/sandbox-npm-cache/embla-carousel-react/-/embla-carousel-react-8.6.0.tgz
[0m[32mDownload[0m https://europe-west1-npm.pkg.dev/lovable-core-prod/sandbox-npm-cache/globals/-/globals-15.15.0.tgz
[0m[32mDownload[0m https://europe-west1-npm.pkg.dev/lovable-core-prod/sandbox-npm-cache/@radix-ui/react-direction/-/react-direction-1.1.4.tgz
[0m[32mDownload[0m https://europe-west1-npm.pkg.dev/lovable-core-prod/sandbox-npm-cache/@radix-ui/react-visually-hidden/-/react-visually-hidden-1.2.11.tgz
[0m[32mDownload[0m https://europe-west1-npm.pkg.dev/lovable-core-prod/sandbox-npm-cache/@radix-ui/react-presence/-/react-presence-1.1.10.tgz
[0m[32mDownload[0m https://europe-west1-npm.pkg.dev/lovable-core-prod/sandbox-npm-cache/@radix-ui/react-use-callback-ref/-/react-use-callback-ref-1.1.4.tgz
[0m[32mDownload[0m https://europe-west1-npm.pkg.dev/lovable-core-prod/sandbox-npm-cache/@radix-ui/react-collection/-/react-collection-1.1.15.tgz
[0m[32mDownload[0m https://europe-west1-npm.pkg.dev/lovable-core-prod/sandbox-npm-cache/@radix-ui/react-compose-refs/-/react-compose-refs-1.1.5.tgz
[0m[32mDownload[0m https://europe-west1-npm.pkg.dev/lovable-core-prod/sandbox-npm-cache/@radix-ui/react-id/-/react-id-1.1.4.tgz
[0m[32mDownload[0m https://europe-west1-npm.pkg.dev/lovable-core-prod/sandbox-npm-cache/@radix-ui/react-primitive/-/react-primitive-2.1.10.tgz
[0m[32mDownload[0m https://europe-west1-npm.pkg.dev/lovable-core-prod/sandbox-npm-cache/@radix-ui/react-context/-/react-context-1.2.2.tgz
[0m[32mDownload[0m https://europe-west1-npm.pkg.dev/lovable-core-prod/sandbox-npm-cache/@radix-ui/react-use-controllable-state/-/react-use-controllable-state-1.2.6.tgz
[0m[32mDownload[0m https://europe-west1-npm.pkg.dev/lovable-core-prod/sandbox-npm-cache/@radix-ui/react-use-previous/-/react-use-previous-1.1.4.tgz
[0m[32mDownload[0m https://europe-west1-npm.pkg.dev/lovable-core-prod/sandbox-npm-cache/@radix-ui/react-use-layout-effect/-/react-use-layout-effect-1.1.4.tgz
[0m[32mDownload[0m https://europe-west1-npm.pkg.dev/lovable-core-prod/sandbox-npm-cache/@radix-ui/react-dismissable-layer/-/react-dismissable-layer-1.1.19.tgz
[0m[32mDownload[0m https://europe-west1-npm.pkg.dev/lovable-core-prod/sandbox-npm-cache/@radix-ui/primitive/-/primitive-1.1.7.tgz
[0m[32mDownload[0m https://europe-west1-npm.pkg.dev/lovable-core-prod/sandbox-npm-cache/@supabase/functions-js/-/functions-js-2.112.3.tgz
[0m[32mDownload[0m https://europe-west1-npm.pkg.dev/lovable-core-prod/sandbox-npm-cache/@supabase/storage-js/-/storage-js-2.112.3.tgz
[0m[32mDownload[0m https://europe-west1-npm.pkg.dev/lovable-core-prod/sandbox-npm-cache/@supabase/realtime-js/-/realtime-js-2.112.3.tgz
[0m[32mDownload[0m https://europe-west1-npm.pkg.dev/lovable-core-prod/sandbox-npm-cache/@supabase/postgrest-js/-/postgrest-js-2.112.3.tgz
[0m[32mDownload[0m https://europe-west1-npm.pkg.dev/lovable-core-prod/sandbox-npm-cache/@supabase/auth-js/-/auth-js-2.112.3.tgz
[0m[32mDownload[0m https://europe-west1-npm.pkg.dev/lovable-core-prod/sandbox-npm-cache/esbuild/-/esbuild-0.27.7.tgz
[0m[32mDownload[0m https://europe-west1-npm.pkg.dev/lovable-core-prod/sandbox-npm-cache/@modelcontextprotocol/sdk/-/sdk-1.28.0.tgz
[0m[32mDownload[0m https://europe-west1-npm.pkg.dev/lovable-core-prod/sandbox-npm-cache/jose/-/jose-6.2.8.tgz
[0m[32mDownload[0m https://europe-west1-npm.pkg.dev/lovable-core-prod/sandbox-npm-cache/@radix-ui/react-portal/-/react-portal-1.1.17.tgz
[0m[32mDownload[0m https://europe-west1-npm.pkg.dev/lovable-core-prod/sandbox-npm-cache/@radix-ui/react-popper/-/react-popper-1.3.7.tgz
[0m[32mDownload[0m https://europe-west1-npm.pkg.dev/lovable-core-prod/sandbox-npm-cache/@radix-ui/react-use-size/-/react-use-size-1.1.4.tgz
[0m[32mDownload[0m https://europe-west1-npm.pkg.dev/lovable-core-prod/sandbox-npm-cache/chalk/-/chalk-4.1.2.tgz
[0m[32mDownload[0m https://europe-west1-npm.pkg.dev/lovable-core-prod/sandbox-npm-cache/natural-compare/-/natural-compare-1.4.0.tgz
[0m[32mDownload[0m https://europe-west1-npm.pkg.dev/lovable-core-prod/sandbox-npm-cache/escape-string-regexp/-/escape-string-regexp-4.0.0.tgz
[0m[32mDownload[0m https://europe-west1-npm.pkg.dev/lovable-core-prod/sandbox-npm-cache/find-up/-/find-up-5.0.0.tgz
[0m[32mDownload[0m https://europe-west1-npm.pkg.dev/lovable-core-prod/sandbox-npm-cache/cross-spawn/-/cross-spawn-7.0.6.tgz
[0m[32mDownload[0m https://europe-west1-npm.pkg.dev/lovable-core-prod/sandbox-npm-cache/@humanfs/node/-/node-0.16.8.tgz
[0m[32mDownload[0m https://europe-west1-npm.pkg.dev/lovable-core-prod/sandbox-npm-cache/file-entry-cache/-/file-entry-cache-8.0.0.tgz
[0m[32mDownload[0m https://europe-west1-npm.pkg.dev/lovable-core-prod/sandbox-npm-cache/@types/estree/-/estree-1.0.9.tgz
[0m[32mDownload[0m https://europe-west1-npm.pkg.dev/lovable-core-prod/sandbox-npm-cache/esutils/-/esutils-2.0.3.tgz
[0m[32mDownload[0m https://europe-west1-npm.pkg.dev/lovable-core-prod/sandbox-npm-cache/espree/-/espree-10.4.0.tgz
[0m[32mDownload[0m https://europe-west1-npm.pkg.dev/lovable-core-prod/sandbox-npm-cache/@eslint/core/-/core-0.17.0.tgz
[0m[32mDownload[0m https://europe-west1-npm.pkg.dev/lovable-core-prod/sandbox-npm-cache/@humanwhocodes/module-importer/-/module-importer-1.0.1.tgz
[0m[32mDownload[0m https://europe-west1-npm.pkg.dev/lovable-core-prod/sandbox-npm-cache/ignore/-/ignore-5.3.2.tgz
[0m[32mDownload[0m https://europe-west1-npm.pkg.dev/lovable-core-prod/sandbox-npm-cache/@eslint/config-array/-/config-array-0.21.2.tgz
[0m[32mDownload[0m https://europe-west1-npm.pkg.dev/lovable-core-prod/sandbox-npm-cache/@eslint/config-helpers/-/config-helpers-0.4.2.tgz
[0m[32mDownload[0m https://europe-west1-npm.pkg.dev/lovable-core-prod/sandbox-npm-cache/minimatch/-/minimatch-3.1.5.tgz
[0m[32mDownload[0m https://europe-west1-npm.pkg.dev/lovable-core-prod/sandbox-npm-cache/ajv/-/ajv-6.15.0.tgz
[0m[32mDownload[0m https://europe-west1-npm.pkg.dev/lovable-core-prod/sandbox-npm-cache/@eslint-community/eslint-utils/-/eslint-utils-4.10.1.tgz
[0m[32mDownload[0m https://europe-west1-npm.pkg.dev/lovable-core-prod/sandbox-npm-cache/@eslint-community/regexpp/-/regexpp-4.12.2.tgz
[0m[32mDownload[0m https://europe-west1-npm.pkg.dev/lovable-core-prod/sandbox-npm-cache/fast-deep-equal/-/fast-deep-equal-3.1.3.tgz
[0m[32mDownload[0m https://europe-west1-npm.pkg.dev/lovable-core-prod/sandbox-npm-cache/imurmurhash/-/imurmurhash-0.1.4.tgz
[0m[32mDownload[0m https://europe-west1-npm.pkg.dev/lovable-core-prod/sandbox-npm-cache/eslint-scope/-/eslint-scope-8.4.0.tgz
[0m[32mDownload[0m https://europe-west1-npm.pkg.dev/lovable-core-prod/sandbox-npm-cache/debug/-/debug-4.4.3.tgz
[0m[32mDownload[0m https://europe-west1-npm.pkg.dev/lovable-core-prod/sandbox-npm-cache/esquery/-/esquery-1.7.0.tgz
[0m[32mDownload[0m https://europe-west1-npm.pkg.dev/lovable-core-prod/sandbox-npm-cache/json-stable-stringify-without-jsonify/-/json-stable-stringify-without-jsonify-1.0.1.tgz
[0m[32mDownload[0m https://europe-west1-npm.pkg.dev/lovable-core-prod/sandbox-npm-cache/lodash.merge/-/lodash.merge-4.6.2.tgz
[0m[32mDownload[0m https://europe-west1-npm.pkg.dev/lovable-core-prod/sandbox-npm-cache/@eslint/eslintrc/-/eslintrc-3.3.6.tgz
[0m[32mDownload[0m https://europe-west1-npm.pkg.dev/lovable-core-prod/sandbox-npm-cache/@eslint/plugin-kit/-/plugin-kit-0.4.1.tgz
[0m[32mDownload[0m https://europe-west1-npm.pkg.dev/lovable-core-prod/sandbox-npm-cache/eslint-visitor-keys/-/eslint-visitor-keys-4.2.1.tgz
[0m[32mDownload[0m https://europe-west1-npm.pkg.dev/lovable-core-prod/sandbox-npm-cache/@humanwhocodes/retry/-/retry-0.4.3.tgz
[0m[32mDownload[0m https://europe-west1-npm.pkg.dev/lovable-core-prod/sandbox-npm-cache/is-glob/-/is-glob-4.0.3.tgz
[0m[32mDownload[0m https://europe-west1-npm.pkg.dev/lovable-core-prod/sandbox-npm-cache/glob-parent/-/glob-parent-6.0.2.tgz
[0m[32mDownload[0m https://europe-west1-npm.pkg.dev/lovable-core-prod/sandbox-npm-cache/optionator/-/optionator-0.9.4.tgz
[0m[32mDownload[0m https://europe-west1-npm.pkg.dev/lovable-core-prod/sandbox-npm-cache/@radix-ui/number/-/number-1.1.3.tgz
[0m[32mDownload[0m https://europe-west1-npm.pkg.dev/lovable-core-prod/sandbox-npm-cache/@radix-ui/react-roving-focus/-/react-roving-focus-1.1.19.tgz
[0m[32mDownload[0m https://europe-west1-npm.pkg.dev/lovable-core-prod/sandbox-npm-cache/@supabase/postgrest-js/-/postgrest-js-1.15.8.tgz
[0m[32mDownload[0m https://europe-west1-npm.pkg.dev/lovable-core-prod/sandbox-npm-cache/@supabase/storage-js/-/storage-js-2.6.0.tgz
[0m[32mDownload[0m https://europe-west1-npm.pkg.dev/lovable-core-prod/sandbox-npm-cache/@supabase/realtime-js/-/realtime-js-2.10.2.tgz
[0m[32mDownload[0m https://europe-west1-npm.pkg.dev/lovable-core-prod/sandbox-npm-cache/@supabase/functions-js/-/functions-js-2.4.1.tgz
[0m[32mDownload[0m https://europe-west1-npm.pkg.dev/lovable-core-prod/sandbox-npm-cache/@supabase/node-fetch/-/node-fetch-2.6.15.tgz
[0m[32mDownload[0m https://europe-west1-npm.pkg.dev/lovable-core-prod/sandbox-npm-cache/@supabase/auth-js/-/auth-js-2.64.4.tgz
[0m[32mDownload[0m https://europe-west1-npm.pkg.dev/lovable-core-prod/sandbox-npm-cache/undici-types/-/undici-types-6.21.0.tgz
[0m[32mDownload[0m https://europe-west1-npm.pkg.dev/lovable-core-prod/sandbox-npm-cache/@radix-ui/react-menu/-/react-menu-2.1.24.tgz
[0m[32mDownload[0m https://europe-west1-npm.pkg.dev/lovable-core-prod/sandbox-npm-cache/tsconfck/-/tsconfck-3.1.6.tgz
[0m[32mDownload[0m https://europe-west1-npm.pkg.dev/lovable-core-prod/sandbox-npm-cache/globrex/-/globrex-0.1.2.tgz
[0m[32mDownload[0m https://europe-west1-npm.pkg.dev/lovable-core-prod/sandbox-npm-cache/@tanstack/query-core/-/query-core-5.101.4.tgz
[0m[32mDownload[0m https://europe-west1-npm.pkg.dev/lovable-core-prod/sandbox-npm-cache/@standard-schema/utils/-/utils-0.3.0.tgz
[0m[32mDownload[0m https://europe-west1-npm.pkg.dev/lovable-core-prod/sandbox-npm-cache/@radix-ui/react-focus-scope/-/react-focus-scope-1.1.16.tgz
[0m[32mDownload[0m https://europe-west1-npm.pkg.dev/lovable-core-prod/sandbox-npm-cache/@radix-ui/react-focus-guards/-/react-focus-guards-1.1.6.tgz
[0m[32mDownload[0m https://europe-west1-npm.pkg.dev/lovable-core-prod/sandbox-npm-cache/react-remove-scroll/-/react-remove-scroll-2.7.2.tgz
[0m[32mDownload[0m https://europe-west1-npm.pkg.dev/lovable-core-prod/sandbox-npm-cache/aria-hidden/-/aria-hidden-1.2.6.tgz
[0m[32mDownload[0m https://europe-west1-npm.pkg.dev/lovable-core-prod/sandbox-npm-cache/@tailwindcss/node/-/node-4.3.3.tgz
[0m[32mDownload[0m https://europe-west1-npm.pkg.dev/lovable-core-prod/sandbox-npm-cache/@tailwindcss/oxide/-/oxide-4.3.3.tgz
[0m[32mDownload[0m https://europe-west1-npm.pkg.dev/lovable-core-prod/sandbox-npm-cache/synckit/-/synckit-0.11.13.tgz
[0m[32mDownload[0m https://europe-west1-npm.pkg.dev/lovable-core-prod/sandbox-npm-cache/prettier-linter-helpers/-/prettier-linter-helpers-1.0.1.tgz
[0m[32mDownload[0m https://europe-west1-npm.pkg.dev/lovable-core-prod/sandbox-npm-cache/isbot/-/isbot-5.2.1.tgz
[0m[32mDownload[0m https://europe-west1-npm.pkg.dev/lovable-core-prod/sandbox-npm-cache/@tanstack/router-core/-/router-core-1.171.23.tgz
[0m[32mDownload[0m https://europe-west1-npm.pkg.dev/lovable-core-prod/sandbox-npm-cache/@tanstack/react-store/-/react-store-0.9.3.tgz
[0m[32mDownload[0m https://europe-west1-npm.pkg.dev/lovable-core-prod/sandbox-npm-cache/@tanstack/history/-/history-1.162.1.tgz
[0m[32mDownload[0m https://europe-west1-npm.pkg.dev/lovable-core-prod/sandbox-npm-cache/postcss/-/postcss-8.5.26.tgz
[0m[32mDownload[0m https://europe-west1-npm.pkg.dev/lovable-core-prod/sandbox-npm-cache/picomatch/-/picomatch-4.0.5.tgz
[0m[32mDownload[0m https://europe-west1-npm.pkg.dev/lovable-core-prod/sandbox-npm-cache/rollup/-/rollup-4.62.4.tgz
[0m[32mDownload[0m https://europe-west1-npm.pkg.dev/lovable-core-prod/sandbox-npm-cache/fdir/-/fdir-6.5.0.tgz
[0m[32mDownload[0m https://europe-west1-npm.pkg.dev/lovable-core-prod/sandbox-npm-cache/tinyglobby/-/tinyglobby-0.2.17.tgz
[0m[32mDownload[0m https://europe-west1-npm.pkg.dev/lovable-core-prod/sandbox-npm-cache/lightningcss/-/lightningcss-1.32.0.tgz
[0m[32mDownload[0m https://europe-west1-npm.pkg.dev/lovable-core-prod/sandbox-npm-cache/tiny-invariant/-/tiny-invariant-1.3.3.tgz
[0m[32mDownload[0m https://europe-west1-npm.pkg.dev/lovable-core-prod/sandbox-npm-cache/recharts-scale/-/recharts-scale-0.4.5.tgz
[0m[32mDownload[0m https://europe-west1-npm.pkg.dev/lovable-core-prod/sandbox-npm-cache/eventemitter3/-/eventemitter3-4.0.7.tgz
[0m[32mDownload[0m https://europe-west1-npm.pkg.dev/lovable-core-prod/sandbox-npm-cache/victory-vendor/-/victory-vendor-36.9.2.tgz
[0m[32mDownload[0m https://europe-west1-npm.pkg.dev/lovable-core-prod/sandbox-npm-cache/react-is/-/react-is-18.3.1.tgz
[0m[32mDownload[0m https://europe-west1-npm.pkg.dev/lovable-core-prod/sandbox-npm-cache/react-smooth/-/react-smooth-4.0.4.tgz
[0m[32mDownload[0m https://europe-west1-npm.pkg.dev/lovable-core-prod/sandbox-npm-cache/lodash/-/lodash-4.18.1.tgz
[0m[32mDownload[0m https://europe-west1-npm.pkg.dev/lovable-core-prod/sandbox-npm-cache/@date-fns/tz/-/tz-1.5.0.tgz
[0m[32mDownload[0m https://europe-west1-npm.pkg.dev/lovable-core-prod/sandbox-npm-cache/@tabby_ai/hijri-converter/-/hijri-converter-1.0.5.tgz
[0m[32mDownload[0m https://europe-west1-npm.pkg.dev/lovable-core-prod/sandbox-npm-cache/date-fns-jalali/-/date-fns-jalali-4.1.0-0.tgz
[0m[32mDownload[0m https://europe-west1-npm.pkg.dev/lovable-core-prod/sandbox-npm-cache/db0/-/db0-0.3.4.tgz
[0m[32mDownload[0m https://europe-west1-npm.pkg.dev/lovable-core-prod/sandbox-npm-cache/unenv/-/unenv-2.0.0-rc.24.tgz
[0m[32mDownload[0m https://europe-west1-npm.pkg.dev/lovable-core-prod/sandbox-npm-cache/ohash/-/ohash-2.0.12.tgz
[0m[32mDownload[0m https://europe-west1-npm.pkg.dev/lovable-core-prod/sandbox-npm-cache/nf3/-/nf3-0.3.23.tgz
[0m[32mDownload[0m https://europe-west1-npm.pkg.dev/lovable-core-prod/sandbox-npm-cache/ofetch/-/ofetch-2.0.0-alpha.3.tgz
[0m[32mDownload[0m https://europe-west1-npm.pkg.dev/lovable-core-prod/sandbox-npm-cache/env-runner/-/env-runner-0.1.16.tgz
[0m[32mDownload[0m https://europe-west1-npm.pkg.dev/lovable-core-prod/sandbox-npm-cache/hookable/-/hookable-6.1.1.tgz
[0m[32mDownload[0m https://europe-west1-npm.pkg.dev/lovable-core-prod/sandbox-npm-cache/consola/-/consola-3.4.2.tgz
[0m[32mDownload[0m https://europe-west1-npm.pkg.dev/lovable-core-prod/sandbox-npm-cache/ocache/-/ocache-0.1.5.tgz
[0m[32mDownload[0m https://europe-west1-npm.pkg.dev/lovable-core-prod/sandbox-npm-cache/unstorage/-/unstorage-2.0.0-alpha.7.tgz
[0m[32mDownload[0m https://europe-west1-npm.pkg.dev/lovable-core-prod/sandbox-npm-cache/srvx/-/srvx-0.11.22.tgz
[0m[32mDownload[0m https://europe-west1-npm.pkg.dev/lovable-core-prod/sandbox-npm-cache/crossws/-/crossws-0.4.10.tgz
[0m[32mDownload[0m https://europe-west1-npm.pkg.dev/lovable-core-prod/sandbox-npm-cache/rolldown/-/rolldown-1.2.4.tgz
[0m[32mDownload[0m https://europe-west1-npm.pkg.dev/lovable-core-prod/sandbox-npm-cache/h3/-/h3-2.0.1-rc.26.tgz
[0m[32mDownload[0m https://europe-west1-npm.pkg.dev/lovable-core-prod/sandbox-npm-cache/@babel/template/-/template-7.29.7.tgz
[0m[32mDownload[0m https://europe-west1-npm.pkg.dev/lovable-core-prod/sandbox-npm-cache/@tanstack/router-utils/-/router-utils-1.162.2.tgz
[0m[32mDownload[0m https://europe-west1-npm.pkg.dev/lovable-core-prod/sandbox-npm-cache/@babel/core/-/core-7.29.7.tgz
[0m[32mDownload[0m https://europe-west1-npm.pkg.dev/lovable-core-prod/sandbox-npm-cache/@tanstack/router-generator/-/router-generator-1.167.29.tgz
[0m[32mDownload[0m https://europe-west1-npm.pkg.dev/lovable-core-prod/sandbox-npm-cache/unplugin/-/unplugin-3.3.0.tgz
[0m[32mDownload[0m https://europe-west1-npm.pkg.dev/lovable-core-prod/sandbox-npm-cache/chokidar/-/chokidar-5.0.0.tgz
[0m[32mDownload[0m https://europe-west1-npm.pkg.dev/lovable-core-prod/sandbox-npm-cache/@babel/types/-/types-7.29.8.tgz
[0m[32mDownload[0m https://europe-west1-npm.pkg.dev/lovable-core-prod/sandbox-npm-cache/@tanstack/devtools-vite/-/devtools-vite-0.8.3.tgz
[0m[32mDownload[0m https://europe-west1-npm.pkg.dev/lovable-core-prod/sandbox-npm-cache/@typescript-eslint/parser/-/parser-8.67.0.tgz
[0m[32mDownload[0m https://europe-west1-npm.pkg.dev/lovable-core-prod/sandbox-npm-cache/@typescript-eslint/typescript-estree/-/typescript-estree-8.67.0.tgz
[0m[32mDownload[0m https://europe-west1-npm.pkg.dev/lovable-core-prod/sandbox-npm-cache/@typescript-eslint/eslint-plugin/-/eslint-plugin-8.67.0.tgz
[0m[32mDownload[0m https://europe-west1-npm.pkg.dev/lovable-core-prod/sandbox-npm-cache/@typescript-eslint/utils/-/utils-8.67.0.tgz
[0m[32mDownload[0m https://europe-west1-npm.pkg.dev/lovable-core-prod/sandbox-npm-cache/@radix-ui/react-use-is-hydrated/-/react-use-is-hydrated-0.1.3.tgz
[0m[32mDownload[0m https://europe-west1-npm.pkg.dev/lovable-core-prod/sandbox-npm-cache/csstype/-/csstype-3.2.3.tgz
[0m[32mDownload[0m https://europe-west1-npm.pkg.dev/lovable-core-prod/sandbox-npm-cache/@rolldown/pluginutils/-/pluginutils-1.0.0-rc.3.tgz
[0m[32mDownload[0m https://europe-west1-npm.pkg.dev/lovable-core-prod/sandbox-npm-cache/@babel/plugin-transform-react-jsx-source/-/plugin-transform-react-jsx-source-7.29.7.tgz
[0m[32mDownload[0m https://europe-west1-npm.pkg.dev/lovable-core-prod/sandbox-npm-cache/react-refresh/-/react-refresh-0.18.0.tgz
[0m[32mDownload[0m https://europe-west1-npm.pkg.dev/lovable-core-prod/sandbox-npm-cache/@babel/plugin-transform-react-jsx-self/-/plugin-transform-react-jsx-self-7.29.7.tgz
[0m[32mDownload[0m https://europe-west1-npm.pkg.dev/lovable-core-prod/sandbox-npm-cache/@types/babel__core/-/babel__core-7.20.5.tgz
[0m[32mDownload[0m https://europe-west1-npm.pkg.dev/lovable-core-prod/sandbox-npm-cache/jws/-/jws-4.0.1.tgz
[0m[32mDownload[0m https://europe-west1-npm.pkg.dev/lovable-core-prod/sandbox-npm-cache/base64-js/-/base64-js-1.5.1.tgz
[0m[32mDownload[0m https://europe-west1-npm.pkg.dev/lovable-core-prod/sandbox-npm-cache/gcp-metadata/-/gcp-metadata-6.1.1.tgz
[0m[32mDownload[0m https://europe-west1-npm.pkg.dev/lovable-core-prod/sandbox-npm-cache/gtoken/-/gtoken-7.1.0.tgz
[0m[32mDownload[0m https://europe-west1-npm.pkg.dev/lovable-core-prod/sandbox-npm-cache/ecdsa-sig-formatter/-/ecdsa-sig-formatter-1.0.11.tgz
[0m[32mDownload[0m https://europe-west1-npm.pkg.dev/lovable-core-prod/sandbox-npm-cache/gaxios/-/gaxios-6.7.1.tgz
[0m[32mDownload[0m https://europe-west1-npm.pkg.dev/lovable-core-prod/sandbox-npm-cache/@tanstack/react-start-rsc/-/react-start-rsc-0.1.44.tgz
[0m[32mDownload[0m https://europe-west1-npm.pkg.dev/lovable-core-prod/sandbox-npm-cache/@tanstack/react-start-server/-/react-start-server-1.167.33.tgz
[0m[32mDownload[0m https://europe-west1-npm.pkg.dev/lovable-core-prod/sandbox-npm-cache/@tanstack/start-plugin-core/-/start-plugin-core-1.171.35.tgz
[0m[32mDownload[0m https://europe-west1-npm.pkg.dev/lovable-core-prod/sandbox-npm-cache/@tanstack/react-start-client/-/react-start-client-1.168.26.tgz
[0m[32mDownload[0m https://europe-west1-npm.pkg.dev/lovable-core-prod/sandbox-npm-cache/@tanstack/start-server-core/-/start-server-core-1.169.27.tgz
[0m[32mDownload[0m https://europe-west1-npm.pkg.dev/lovable-core-prod/sandbox-npm-cache/@tanstack/start-client-core/-/start-client-core-1.170.23.tgz
[0m[32mDownload[0m https://europe-west1-npm.pkg.dev/lovable-core-prod/sandbox-npm-cache/pathe/-/pathe-2.0.3.tgz
[0m[32mDownload[0m https://europe-west1-npm.pkg.dev/lovable-core-prod/sandbox-npm-cache/scheduler/-/scheduler-0.27.0.tgz
[0m[32mDownload[0m https://europe-west1-npm.pkg.dev/lovable-core-prod/sandbox-npm-cache/embla-carousel-reactive-utils/-/embla-carousel-reactive-utils-8.6.0.tgz
[0m[32mDownload[0m https://europe-west1-npm.pkg.dev/lovable-core-prod/sandbox-npm-cache/embla-carousel/-/embla-carousel-8.6.0.tgz
[0m[32mDownload[0m https://europe-west1-npm.pkg.dev/lovable-core-prod/sandbox-npm-cache/@radix-ui/react-use-effect-event/-/react-use-effect-event-0.0.5.tgz
[0m[32mDownload[0m https://europe-west1-npm.pkg.dev/lovable-core-prod/sandbox-npm-cache/tslib/-/tslib-2.8.1.tgz
[0m[32mDownload[0m https://europe-west1-npm.pkg.dev/lovable-core-prod/sandbox-npm-cache/iceberg-js/-/iceberg-js-0.8.1.tgz
[0m[32mDownload[0m https://europe-west1-npm.pkg.dev/lovable-core-prod/sandbox-npm-cache/@supabase/phoenix/-/phoenix-0.4.5.tgz
[0m[32mDownload[0m https://europe-west1-npm.pkg.dev/lovable-core-prod/sandbox-npm-cache/@esbuild/linux-x64/-/linux-x64-0.27.7.tgz
[0m[32mDownload[0m https://europe-west1-npm.pkg.dev/lovable-core-prod/sandbox-npm-cache/express-rate-limit/-/express-rate-limit-8.6.2.tgz
[0m[32mDownload[0m https://europe-west1-npm.pkg.dev/lovable-core-prod/sandbox-npm-cache/eventsource/-/eventsource-3.0.7.tgz
[0m[32mDownload[0m https://europe-west1-npm.pkg.dev/lovable-core-prod/sandbox-npm-cache/express/-/express-5.2.1.tgz
[0m[32mDownload[0m https://europe-west1-npm.pkg.dev/lovable-core-prod/sandbox-npm-cache/raw-body/-/raw-body-3.0.2.tgz
[0m[32mDownload[0m https://europe-west1-npm.pkg.dev/lovable-core-prod/sandbox-npm-cache/ajv/-/ajv-8.20.0.tgz
[0m[32mDownload[0m https://europe-west1-npm.pkg.dev/lovable-core-prod/sandbox-npm-cache/@hono/node-server/-/node-server-1.19.17.tgz
[0m[32mDownload[0m https://europe-west1-npm.pkg.dev/lovable-core-prod/sandbox-npm-cache/content-type/-/content-type-1.0.5.tgz
[0m[32mDownload[0m https://europe-west1-npm.pkg.dev/lovable-core-prod/sandbox-npm-cache/zod-to-json-schema/-/zod-to-json-schema-3.25.2.tgz
[0m[32mDownload[0m https://europe-west1-npm.pkg.dev/lovable-core-prod/sandbox-npm-cache/pkce-challenge/-/pkce-challenge-5.0.1.tgz
[0m[32mDownload[0m https://europe-west1-npm.pkg.dev/lovable-core-prod/sandbox-npm-cache/eventsource-parser/-/eventsource-parser-3.1.1.tgz
[0m[32mDownload[0m https://europe-west1-npm.pkg.dev/lovable-core-prod/sandbox-npm-cache/hono/-/hono-4.13.2.tgz
[0m[32mDownload[0m https://europe-west1-npm.pkg.dev/lovable-core-prod/sandbox-npm-cache/ajv-formats/-/ajv-formats-3.0.1.tgz
[0m[32mDownload[0m https://europe-west1-npm.pkg.dev/lovable-core-prod/sandbox-npm-cache/json-schema-typed/-/json-schema-typed-8.0.2.tgz
[0m[32mDownload[0m https://europe-west1-npm.pkg.dev/lovable-core-prod/sandbox-npm-cache/cors/-/cors-2.8.6.tgz
[0m[32mDownload[0m https://europe-west1-npm.pkg.dev/lovable-core-prod/sandbox-npm-cache/@floating-ui/react-dom/-/react-dom-2.1.9.tgz
[0m[32mDownload[0m https://europe-west1-npm.pkg.dev/lovable-core-prod/sandbox-npm-cache/@radix-ui/react-arrow/-/react-arrow-1.1.15.tgz
[0m[32mDownload[0m https://europe-west1-npm.pkg.dev/lovable-core-prod/sandbox-npm-cache/@radix-ui/rect/-/rect-1.1.3.tgz
[0m[32mDownload[0m https://europe-west1-npm.pkg.dev/lovable-core-prod/sandbox-npm-cache/@radix-ui/react-use-rect/-/react-use-rect-1.1.4.tgz
[0m[32mDownload[0m https://europe-west1-npm.pkg.dev/lovable-core-prod/sandbox-npm-cache/ansi-styles/-/ansi-styles-4.3.0.tgz
[0m[32mDownload[0m https://europe-west1-npm.pkg.dev/lovable-core-prod/sandbox-npm-cache/supports-color/-/supports-color-7.2.0.tgz
[0m[32mDownload[0m https://europe-west1-npm.pkg.dev/lovable-core-prod/sandbox-npm-cache/path-exists/-/path-exists-4.0.0.tgz
[0m[32mDownload[0m https://europe-west1-npm.pkg.dev/lovable-core-prod/sandbox-npm-cache/locate-path/-/locate-path-6.0.0.tgz
[0m[32mDownload[0m https://europe-west1-npm.pkg.dev/lovable-core-prod/sandbox-npm-cache/which/-/which-2.0.2.tgz
[0m[32mDownload[0m https://europe-west1-npm.pkg.dev/lovable-core-prod/sandbox-npm-cache/path-key/-/path-key-3.1.1.tgz
[0m[32mDownload[0m https://europe-west1-npm.pkg.dev/lovable-core-prod/sandbox-npm-cache/shebang-command/-/shebang-command-2.0.0.tgz
[0m[32mDownload[0m https://europe-west1-npm.pkg.dev/lovable-core-prod/sandbox-npm-cache/@humanfs/core/-/core-0.19.2.tgz
[0m[32mDownload[0m https://europe-west1-npm.pkg.dev/lovable-core-prod/sandbox-npm-cache/@humanfs/types/-/types-0.15.0.tgz
[0m[32mDownload[0m https://europe-west1-npm.pkg.dev/lovable-core-prod/sandbox-npm-cache/flat-cache/-/flat-cache-4.0.1.tgz
[0m[32mDownload[0m https://europe-west1-npm.pkg.dev/lovable-core-prod/sandbox-npm-cache/acorn-jsx/-/acorn-jsx-5.3.2.tgz
[0m[32mDownload[0m https://europe-west1-npm.pkg.dev/lovable-core-prod/sandbox-npm-cache/acorn/-/acorn-8.18.0.tgz
[0m[32mDownload[0m https://europe-west1-npm.pkg.dev/lovable-core-prod/sandbox-npm-cache/@types/json-schema/-/json-schema-7.0.15.tgz
[0m[32mDownload[0m https://europe-west1-npm.pkg.dev/lovable-core-prod/sandbox-npm-cache/@eslint/object-schema/-/object-schema-2.1.7.tgz
[0m[32mDownload[0m https://europe-west1-npm.pkg.dev/lovable-core-prod/sandbox-npm-cache/brace-expansion/-/brace-expansion-1.1.18.tgz
[0m[32mDownload[0m https://europe-west1-npm.pkg.dev/lovable-core-prod/sandbox-npm-cache/uri-js/-/uri-js-4.4.1.tgz
[0m[32mDownload[0m https://europe-west1-npm.pkg.dev/lovable-core-prod/sandbox-npm-cache/json-schema-traverse/-/json-schema-traverse-0.4.1.tgz
[0m[32mDownload[0m https://europe-west1-npm.pkg.dev/lovable-core-prod/sandbox-npm-cache/fast-json-stable-stringify/-/fast-json-stable-stringify-2.1.0.tgz
[0m[32mDownload[0m https://europe-west1-npm.pkg.dev/lovable-core-prod/sandbox-npm-cache/eslint-visitor-keys/-/eslint-visitor-keys-3.4.3.tgz
[0m[32mDownload[0m https://europe-west1-npm.pkg.dev/lovable-core-prod/sandbox-npm-cache/estraverse/-/estraverse-5.3.0.tgz
[0m[32mDownload[0m https://europe-west1-npm.pkg.dev/lovable-core-prod/sandbox-npm-cache/esrecurse/-/esrecurse-4.3.0.tgz
[0m[32mDownload[0m https://europe-west1-npm.pkg.dev/lovable-core-prod/sandbox-npm-cache/ms/-/ms-2.1.3.tgz
[0m[32mDownload[0m https://europe-west1-npm.pkg.dev/lovable-core-prod/sandbox-npm-cache/js-yaml/-/js-yaml-4.3.1.tgz
[0m[32mDownload[0m https://europe-west1-npm.pkg.dev/lovable-core-prod/sandbox-npm-cache/import-fresh/-/import-fresh-3.3.1.tgz
[0m[32mDownload[0m https://europe-west1-npm.pkg.dev/lovable-core-prod/sandbox-npm-cache/strip-json-comments/-/strip-json-comments-3.1.1.tgz
[0m[32mDownload[0m https://europe-west1-npm.pkg.dev/lovable-core-prod/sandbox-npm-cache/globals/-/globals-14.0.0.tgz
[0m[32mDownload[0m https://europe-west1-npm.pkg.dev/lovable-core-prod/sandbox-npm-cache/levn/-/levn-0.4.1.tgz
[0m[32mDownload[0m https://europe-west1-npm.pkg.dev/lovable-core-prod/sandbox-npm-cache/is-extglob/-/is-extglob-2.1.1.tgz
[0m[32mDownload[0m https://europe-west1-npm.pkg.dev/lovable-core-prod/sandbox-npm-cache/type-check/-/type-check-0.4.0.tgz
[0m[32mDownload[0m https://europe-west1-npm.pkg.dev/lovable-core-prod/sandbox-npm-cache/prelude-ls/-/prelude-ls-1.2.1.tgz
[0m[32mDownload[0m https://europe-west1-npm.pkg.dev/lovable-core-prod/sandbox-npm-cache/word-wrap/-/word-wrap-1.2.5.tgz
[0m[32mDownload[0m https://europe-west1-npm.pkg.dev/lovable-core-prod/sandbox-npm-cache/fast-levenshtein/-/fast-levenshtein-2.0.6.tgz
[0m[32mDownload[0m https://europe-west1-npm.pkg.dev/lovable-core-prod/sandbox-npm-cache/deep-is/-/deep-is-0.1.4.tgz
[0m[32mDownload[0m https://europe-west1-npm.pkg.dev/lovable-core-prod/sandbox-npm-cache/@types/phoenix/-/phoenix-1.6.7.tgz
[0m[32mDownload[0m https://europe-west1-npm.pkg.dev/lovable-core-prod/sandbox-npm-cache/@types/ws/-/ws-8.18.1.tgz
[0m[32mDownload[0m https://europe-west1-npm.pkg.dev/lovable-core-prod/sandbox-npm-cache/ws/-/ws-8.21.3.tgz
[0m[32mDownload[0m https://europe-west1-npm.pkg.dev/lovable-core-prod/sandbox-npm-cache/whatwg-url/-/whatwg-url-5.0.0.tgz
[0m[32mDownload[0m https://europe-west1-npm.pkg.dev/lovable-core-prod/sandbox-npm-cache/react-remove-scroll-bar/-/react-remove-scroll-bar-2.3.8.tgz
[0m[32mDownload[0m https://europe-west1-npm.pkg.dev/lovable-core-prod/sandbox-npm-cache/react-style-singleton/-/react-style-singleton-2.2.3.tgz
[0m[32mDownload[0m https://europe-west1-npm.pkg.dev/lovable-core-prod/sandbox-npm-cache/use-sidecar/-/use-sidecar-1.1.3.tgz
[0m[32mDownload[0m https://europe-west1-npm.pkg.dev/lovable-core-prod/sandbox-npm-cache/use-callback-ref/-/use-callback-ref-1.3.3.tgz
[0m[32mDownload[0m https://europe-west1-npm.pkg.dev/lovable-core-prod/sandbox-npm-cache/jiti/-/jiti-2.7.0.tgz
[0m[32mDownload[0m https://europe-west1-npm.pkg.dev/lovable-core-prod/sandbox-npm-cache/@jridgewell/remapping/-/remapping-2.3.5.tgz
[0m[32mDownload[0m https://europe-west1-npm.pkg.dev/lovable-core-prod/sandbox-npm-cache/source-map-js/-/source-map-js-1.2.1.tgz
[0m[32mDownload[0m https://europe-west1-npm.pkg.dev/lovable-core-prod/sandbox-npm-cache/magic-string/-/magic-string-0.30.21.tgz
[0m[32mDownload[0m https://europe-west1-npm.pkg.dev/lovable-core-prod/sandbox-npm-cache/enhanced-resolve/-/enhanced-resolve-5.24.5.tgz
[0m[32mDownload[0m https://europe-west1-npm.pkg.dev/lovable-core-prod/sandbox-npm-cache/@tailwindcss/oxide-linux-x64-musl/-/oxide-linux-x64-musl-4.3.3.tgz
[0m[32mDownload[0m https://europe-west1-npm.pkg.dev/lovable-core-prod/sandbox-npm-cache/@tailwindcss/oxide-linux-x64-gnu/-/oxide-linux-x64-gnu-4.3.3.tgz
[0m[32mDownload[0m https://europe-west1-npm.pkg.dev/lovable-core-prod/sandbox-npm-cache/@pkgr/core/-/core-0.3.6.tgz
[0m[32mDownload[0m https://europe-west1-npm.pkg.dev/lovable-core-prod/sandbox-npm-cache/fast-diff/-/fast-diff-1.3.0.tgz
[0m[32mDownload[0m https://europe-west1-npm.pkg.dev/lovable-core-prod/sandbox-npm-cache/seroval-plugins/-/seroval-plugins-1.6.2.tgz
[0m[32mDownload[0m https://europe-west1-npm.pkg.dev/lovable-core-prod/sandbox-npm-cache/cookie-es/-/cookie-es-3.1.1.tgz
[0m[32mDownload[0m https://europe-west1-npm.pkg.dev/lovable-core-prod/sandbox-npm-cache/seroval/-/seroval-1.6.2.tgz
[0m[32mDownload[0m https://europe-west1-npm.pkg.dev/lovable-core-prod/sandbox-npm-cache/@tanstack/store/-/store-0.9.3.tgz
[0m[32mDownload[0m https://europe-west1-npm.pkg.dev/lovable-core-prod/sandbox-npm-cache/use-sync-external-store/-/use-sync-external-store-1.6.0.tgz
[0m[32mDownload[0m https://europe-west1-npm.pkg.dev/lovable-core-prod/sandbox-npm-cache/nanoid/-/nanoid-3.3.18.tgz
[0m[32mDownload[0m https://europe-west1-npm.pkg.dev/lovable-core-prod/sandbox-npm-cache/picocolors/-/picocolors-1.1.1.tgz
[0m[32mDownload[0m https://europe-west1-npm.pkg.dev/lovable-core-prod/sandbox-npm-cache/@rollup/rollup-linux-x64-musl/-/rollup-linux-x64-musl-4.62.4.tgz
[0m[32mDownload[0m https://europe-west1-npm.pkg.dev/lovable-core-prod/sandbox-npm-cache/@rollup/rollup-linux-x64-gnu/-/rollup-linux-x64-gnu-4.62.4.tgz
[0m[32mDownload[0m https://europe-west1-npm.pkg.dev/lovable-core-prod/sandbox-npm-cache/@napi-rs/lzma-linux-x64-gnu/-/lzma-linux-x64-gnu-1.5.1.tgz
[0m[32mDownload[0m https://europe-west1-npm.pkg.dev/lovable-core-prod/sandbox-npm-cache/lightningcss-linux-x64-musl/-/lightningcss-linux-x64-musl-1.32.0.tgz
[0m[32mDownload[0m https://europe-west1-npm.pkg.dev/lovable-core-prod/sandbox-npm-cache/lightningcss-linux-x64-gnu/-/lightningcss-linux-x64-gnu-1.32.0.tgz
[0m[32mDownload[0m https://europe-west1-npm.pkg.dev/lovable-core-prod/sandbox-npm-cache/detect-libc/-/detect-libc-2.1.2.tgz
[0m[32mDownload[0m https://europe-west1-npm.pkg.dev/lovable-core-prod/sandbox-npm-cache/decimal.js-light/-/decimal.js-light-2.5.1.tgz
[0m[32mDownload[0m https://europe-west1-npm.pkg.dev/lovable-core-prod/sandbox-npm-cache/@types/d3-ease/-/d3-ease-3.0.2.tgz
[0m[32mDownload[0m https://europe-west1-npm.pkg.dev/lovable-core-prod/sandbox-npm-cache/@types/d3-shape/-/d3-shape-3.1.8.tgz
[0m[32mDownload[0m https://europe-west1-npm.pkg.dev/lovable-core-prod/sandbox-npm-cache/d3-ease/-/d3-ease-3.0.1.tgz
[0m[32mDownload[0m https://europe-west1-npm.pkg.dev/lovable-core-prod/sandbox-npm-cache/d3-array/-/d3-array-3.2.4.tgz
[0m[32mDownload[0m https://europe-west1-npm.pkg.dev/lovable-core-prod/sandbox-npm-cache/d3-time/-/d3-time-3.1.0.tgz
[0m[32mDownload[0m https://europe-west1-npm.pkg.dev/lovable-core-prod/sandbox-npm-cache/d3-scale/-/d3-scale-4.0.2.tgz
[0m[32mDownload[0m https://europe-west1-npm.pkg.dev/lovable-core-prod/sandbox-npm-cache/@types/d3-scale/-/d3-scale-4.0.9.tgz
[0m[32mDownload[0m https://europe-west1-npm.pkg.dev/lovable-core-prod/sandbox-npm-cache/d3-interpolate/-/d3-interpolate-3.0.1.tgz
[0m[32mDownload[0m https://europe-west1-npm.pkg.dev/lovable-core-prod/sandbox-npm-cache/d3-shape/-/d3-shape-3.2.0.tgz
[0m[32mDownload[0m https://europe-west1-npm.pkg.dev/lovable-core-prod/sandbox-npm-cache/@types/d3-timer/-/d3-timer-3.0.2.tgz
[0m[32mDownload[0m https://europe-west1-npm.pkg.dev/lovable-core-prod/sandbox-npm-cache/@types/d3-array/-/d3-array-3.2.2.tgz
[0m[32mDownload[0m https://europe-west1-npm.pkg.dev/lovable-core-prod/sandbox-npm-cache/@types/d3-time/-/d3-time-3.0.4.tgz
[0m[32mDownload[0m https://europe-west1-npm.pkg.dev/lovable-core-prod/sandbox-npm-cache/@types/d3-interpolate/-/d3-interpolate-3.0.4.tgz
[0m[32mDownload[0m https://europe-west1-npm.pkg.dev/lovable-core-prod/sandbox-npm-cache/d3-timer/-/d3-timer-3.0.1.tgz
[0m[32mDownload[0m https://europe-west1-npm.pkg.dev/lovable-core-prod/sandbox-npm-cache/fast-equals/-/fast-equals-5.4.1.tgz
[0m[32mDownload[0m https://europe-west1-npm.pkg.dev/lovable-core-prod/sandbox-npm-cache/react-transition-group/-/react-transition-group-4.4.5.tgz
[0m[32mDownload[0m https://europe-west1-npm.pkg.dev/lovable-core-prod/sandbox-npm-cache/prop-types/-/prop-types-15.8.1.tgz
[0m[32mDownload[0m https://europe-west1-npm.pkg.dev/lovable-core-prod/sandbox-npm-cache/httpxy/-/httpxy-0.5.5.tgz
[0m[32mDownload[0m https://europe-west1-npm.pkg.dev/lovable-core-prod/sandbox-npm-cache/exsolve/-/exsolve-1.1.1.tgz
[0m[32mDownload[0m https://europe-west1-npm.pkg.dev/lovable-core-prod/sandbox-npm-cache/@rolldown/pluginutils/-/pluginutils-1.0.1.tgz
[0m[32mDownload[0m https://europe-west1-npm.pkg.dev/lovable-core-prod/sandbox-npm-cache/@rolldown/binding-linux-x64-musl/-/binding-linux-x64-musl-1.2.4.tgz
[0m[32mDownload[0m https://europe-west1-npm.pkg.dev/lovable-core-prod/sandbox-npm-cache/@rolldown/binding-linux-x64-gnu/-/binding-linux-x64-gnu-1.2.4.tgz
[0m[32mDownload[0m https://europe-west1-npm.pkg.dev/lovable-core-prod/sandbox-npm-cache/@oxc-project/types/-/types-0.144.0.tgz
[0m[32mDownload[0m https://europe-west1-npm.pkg.dev/lovable-core-prod/sandbox-npm-cache/srvx/-/srvx-0.12.5.tgz
[0m[32mDownload[0m https://europe-west1-npm.pkg.dev/lovable-core-prod/sandbox-npm-cache/rou3/-/rou3-0.9.2.tgz
[0m[32mDownload[0m https://europe-west1-npm.pkg.dev/lovable-core-prod/sandbox-npm-cache/@babel/code-frame/-/code-frame-7.29.7.tgz
[0m[32mDownload[0m https://europe-west1-npm.pkg.dev/lovable-core-prod/sandbox-npm-cache/@babel/parser/-/parser-7.29.8.tgz
[0m[32mDownload[0m https://europe-west1-npm.pkg.dev/lovable-core-prod/sandbox-npm-cache/@babel/generator/-/generator-7.29.8.tgz
[0m[32mDownload[0m https://europe-west1-npm.pkg.dev/lovable-core-prod/sandbox-npm-cache/ansis/-/ansis-4.3.1.tgz
[0m[32mDownload[0m https://europe-west1-npm.pkg.dev/lovable-core-prod/sandbox-npm-cache/diff/-/diff-8.0.4.tgz
[0m[32mDownload[0m https://europe-west1-npm.pkg.dev/lovable-core-prod/sandbox-npm-cache/babel-dead-code-elimination/-/babel-dead-code-elimination-1.0.12.tgz
[0m[32mDownload[0m https://europe-west1-npm.pkg.dev/lovable-core-prod/sandbox-npm-cache/convert-source-map/-/convert-source-map-2.0.0.tgz
[0m[32mDownload[0m https://europe-west1-npm.pkg.dev/lovable-core-prod/sandbox-npm-cache/@babel/helper-module-transforms/-/helper-module-transforms-7.29.7.tgz
[0m[32mDownload[0m https://europe-west1-npm.pkg.dev/lovable-core-prod/sandbox-npm-cache/gensync/-/gensync-1.0.0-beta.2.tgz
[0m[32mDownload[0m https://europe-west1-npm.pkg.dev/lovable-core-prod/sandbox-npm-cache/json5/-/json5-2.2.3.tgz
[0m[32mDownload[0m https://europe-west1-npm.pkg.dev/lovable-core-prod/sandbox-npm-cache/@babel/traverse/-/traverse-7.29.8.tgz
[0m[32mDownload[0m https://europe-west1-npm.pkg.dev/lovable-core-prod/sandbox-npm-cache/@babel/helpers/-/helpers-7.29.7.tgz
[0m[32mDownload[0m https://europe-west1-npm.pkg.dev/lovable-core-prod/sandbox-npm-cache/@babel/helper-compilation-targets/-/helper-compilation-targets-7.29.7.tgz
[0m[32mDownload[0m https://europe-west1-npm.pkg.dev/lovable-core-prod/sandbox-npm-cache/semver/-/semver-6.3.1.tgz
[0m[32mDownload[0m https://europe-west1-npm.pkg.dev/lovable-core-prod/sandbox-npm-cache/@tanstack/virtual-file-routes/-/virtual-file-routes-1.162.0.tgz
[0m[32mDownload[0m https://europe-west1-npm.pkg.dev/lovable-core-prod/sandbox-npm-cache/webpack-virtual-modules/-/webpack-virtual-modules-0.6.2.tgz
[0m[32mDownload[0m https://europe-west1-npm.pkg.dev/lovable-core-prod/sandbox-npm-cache/readdirp/-/readdirp-5.1.1.tgz
[0m[32mDownload[0m https://europe-west1-npm.pkg.dev/lovable-core-prod/sandbox-npm-cache/@babel/helper-string-parser/-/helper-string-parser-7.29.7.tgz
[0m[32mDownload[0m https://europe-west1-npm.pkg.dev/lovable-core-prod/sandbox-npm-cache/@babel/helper-validator-identifier/-/helper-validator-identifier-7.29.7.tgz
[0m[32mDownload[0m https://europe-west1-npm.pkg.dev/lovable-core-prod/sandbox-npm-cache/chalk/-/chalk-5.6.2.tgz
[0m[32mDownload[0m https://europe-west1-npm.pkg.dev/lovable-core-prod/sandbox-npm-cache/@tanstack/devtools-client/-/devtools-client-0.0.8.tgz
[0m[32mDownload[0m https://europe-west1-npm.pkg.dev/lovable-core-prod/sandbox-npm-cache/@tanstack/devtools-bundler-core/-/devtools-bundler-core-0.1.1.tgz
[0m[32mDownload[0m https://europe-west1-npm.pkg.dev/lovable-core-prod/sandbox-npm-cache/@tanstack/devtools-event-bus/-/devtools-event-bus-0.4.2.tgz
[0m[32mDownload[0m https://europe-west1-npm.pkg.dev/lovable-core-prod/sandbox-npm-cache/@typescript-eslint/visitor-keys/-/visitor-keys-8.67.0.tgz
[0m[32mDownload[0m https://europe-west1-npm.pkg.dev/lovable-core-prod/sandbox-npm-cache/@typescript-eslint/types/-/types-8.67.0.tgz
[0m[32mDownload[0m https://europe-west1-npm.pkg.dev/lovable-core-prod/sandbox-npm-cache/@typescript-eslint/scope-manager/-/scope-manager-8.67.0.tgz
[0m[32mDownload[0m https://europe-west1-npm.pkg.dev/lovable-core-prod/sandbox-npm-cache/@typescript-eslint/tsconfig-utils/-/tsconfig-utils-8.67.0.tgz
[0m[32mDownload[0m https://europe-west1-npm.pkg.dev/lovable-core-prod/sandbox-npm-cache/ts-api-utils/-/ts-api-utils-2.5.0.tgz
[0m[32mDownload[0m https://europe-west1-npm.pkg.dev/lovable-core-prod/sandbox-npm-cache/@typescript-eslint/project-service/-/project-service-8.67.0.tgz
[0m[32mDownload[0m https://europe-west1-npm.pkg.dev/lovable-core-prod/sandbox-npm-cache/semver/-/semver-7.8.5.tgz
[0m[32mDownload[0m https://europe-west1-npm.pkg.dev/lovable-core-prod/sandbox-npm-cache/minimatch/-/minimatch-10.2.6.tgz
[0m[32mDownload[0m https://europe-west1-npm.pkg.dev/lovable-core-prod/sandbox-npm-cache/ignore/-/ignore-7.0.6.tgz
[0m[32mDownload[0m https://europe-west1-npm.pkg.dev/lovable-core-prod/sandbox-npm-cache/@typescript-eslint/type-utils/-/type-utils-8.67.0.tgz
[0m[32mDownload[0m https://europe-west1-npm.pkg.dev/lovable-core-prod/sandbox-npm-cache/@babel/helper-plugin-utils/-/helper-plugin-utils-7.29.7.tgz
[0m[32mDownload[0m https://europe-west1-npm.pkg.dev/lovable-core-prod/sandbox-npm-cache/@types/babel__traverse/-/babel__traverse-7.28.0.tgz
[0m[32mDownload[0m https://europe-west1-npm.pkg.dev/lovable-core-prod/sandbox-npm-cache/@types/babel__generator/-/babel__generator-7.27.0.tgz
[0m[32mDownload[0m https://europe-west1-npm.pkg.dev/lovable-core-prod/sandbox-npm-cache/@types/babel__template/-/babel__template-7.4.4.tgz
[0m[32mDownload[0m https://europe-west1-npm.pkg.dev/lovable-core-prod/sandbox-npm-cache/safe-buffer/-/safe-buffer-5.2.1.tgz
[0m[32mDownload[0m https://europe-west1-npm.pkg.dev/lovable-core-prod/sandbox-npm-cache/jwa/-/jwa-2.0.1.tgz
[0m[32mDownload[0m https://europe-west1-npm.pkg.dev/lovable-core-prod/sandbox-npm-cache/json-bigint/-/json-bigint-1.0.0.tgz
[0m[32mDownload[0m https://europe-west1-npm.pkg.dev/lovable-core-prod/sandbox-npm-cache/google-logging-utils/-/google-logging-utils-0.0.2.tgz
[0m[32mDownload[0m https://europe-west1-npm.pkg.dev/lovable-core-prod/sandbox-npm-cache/https-proxy-agent/-/https-proxy-agent-7.0.6.tgz
[0m[32mDownload[0m https://europe-west1-npm.pkg.dev/lovable-core-prod/sandbox-npm-cache/is-stream/-/is-stream-2.0.1.tgz
[0m[32mDownload[0m https://europe-west1-npm.pkg.dev/lovable-core-prod/sandbox-npm-cache/node-fetch/-/node-fetch-2.7.0.tgz
[0m[32mDownload[0m https://europe-west1-npm.pkg.dev/lovable-core-prod/sandbox-npm-cache/extend/-/extend-3.0.2.tgz
[0m[32mDownload[0m https://europe-west1-npm.pkg.dev/lovable-core-prod/sandbox-npm-cache/uuid/-/uuid-9.0.1.tgz
[0m[32mDownload[0m https://europe-west1-npm.pkg.dev/lovable-core-prod/sandbox-npm-cache/@tanstack/start-storage-context/-/start-storage-context-1.167.25.tgz
[0m[32mDownload[0m https://europe-west1-npm.pkg.dev/lovable-core-prod/sandbox-npm-cache/@tanstack/start-fn-stubs/-/start-fn-stubs-1.162.0.tgz
[0m[32mDownload[0m https://europe-west1-npm.pkg.dev/lovable-core-prod/sandbox-npm-cache/xmlbuilder2/-/xmlbuilder2-4.0.3.tgz
[0m[32mDownload[0m https://europe-west1-npm.pkg.dev/lovable-core-prod/sandbox-npm-cache/ufo/-/ufo-1.6.4.tgz
[0m[32mDownload[0m https://europe-west1-npm.pkg.dev/lovable-core-prod/sandbox-npm-cache/@babel/code-frame/-/code-frame-7.27.1.tgz
[0m[32mDownload[0m https://europe-west1-npm.pkg.dev/lovable-core-prod/sandbox-npm-cache/source-map/-/source-map-0.7.6.tgz
[0m[32mDownload[0m https://europe-west1-npm.pkg.dev/lovable-core-prod/sandbox-npm-cache/vitefu/-/vitefu-1.1.3.tgz
[0m[32mDownload[0m https://europe-west1-npm.pkg.dev/lovable-core-prod/sandbox-npm-cache/h3/-/h3-2.0.1-rc.20.tgz
[0m[32mDownload[0m https://europe-west1-npm.pkg.dev/lovable-core-prod/sandbox-npm-cache/fetchdts/-/fetchdts-0.1.7.tgz
[0m[32mDownload[0m https://europe-west1-npm.pkg.dev/lovable-core-prod/sandbox-npm-cache/ip-address/-/ip-address-10.5.0.tgz
[0m[32mDownload[0m https://europe-west1-npm.pkg.dev/lovable-core-prod/sandbox-npm-cache/body-parser/-/body-parser-2.3.0.tgz
[0m[32mDownload[0m https://europe-west1-npm.pkg.dev/lovable-core-prod/sandbox-npm-cache/on-finished/-/on-finished-2.4.1.tgz
[0m[32mDownload[0m https://europe-west1-npm.pkg.dev/lovable-core-prod/sandbox-npm-cache/vary/-/vary-1.1.2.tgz
[0m[32mDownload[0m https://europe-west1-npm.pkg.dev/lovable-core-prod/sandbox-npm-cache/parseurl/-/parseurl-1.3.3.tgz
[0m[32mDownload[0m https://europe-west1-npm.pkg.dev/lovable-core-prod/sandbox-npm-cache/escape-html/-/escape-html-1.0.3.tgz
[0m[32mDownload[0m https://europe-west1-npm.pkg.dev/lovable-core-prod/sandbox-npm-cache/depd/-/depd-2.0.0.tgz
[0m[32mDownload[0m https://europe-west1-npm.pkg.dev/lovable-core-prod/sandbox-npm-cache/cookie-signature/-/cookie-signature-1.2.2.tgz
[0m[32mDownload[0m https://europe-west1-npm.pkg.dev/lovable-core-prod/sandbox-npm-cache/router/-/router-2.2.0.tgz
[0m[32mDownload[0m https://europe-west1-npm.pkg.dev/lovable-core-prod/sandbox-npm-cache/serve-static/-/serve-static-2.2.1.tgz
[0m[32mDownload[0m https://europe-west1-npm.pkg.dev/lovable-core-prod/sandbox-npm-cache/finalhandler/-/finalhandler-2.1.1.tgz
[0m[32mDownload[0m https://europe-west1-npm.pkg.dev/lovable-core-prod/sandbox-npm-cache/etag/-/etag-1.8.1.tgz
[0m[32mDownload[0m https://europe-west1-npm.pkg.dev/lovable-core-prod/sandbox-npm-cache/content-disposition/-/content-disposition-1.1.0.tgz
[0m[32mDownload[0m https://europe-west1-npm.pkg.dev/lovable-core-prod/sandbox-npm-cache/accepts/-/accepts-2.0.0.tgz
[0m[32mDownload[0m https://europe-west1-npm.pkg.dev/lovable-core-prod/sandbox-npm-cache/encodeurl/-/encodeurl-2.0.0.tgz
[0m[32mDownload[0m https://europe-west1-npm.pkg.dev/lovable-core-prod/sandbox-npm-cache/mime-types/-/mime-types-3.0.2.tgz
[0m[32mDownload[0m https://europe-west1-npm.pkg.dev/lovable-core-prod/sandbox-npm-cache/fresh/-/fresh-2.0.0.tgz
[0m[32mDownload[0m https://europe-west1-npm.pkg.dev/lovable-core-prod/sandbox-npm-cache/proxy-addr/-/proxy-addr-2.0.7.tgz
[0m[32mDownload[0m https://europe-west1-npm.pkg.dev/lovable-core-prod/sandbox-npm-cache/range-parser/-/range-parser-1.3.0.tgz
[0m[32mDownload[0m https://europe-west1-npm.pkg.dev/lovable-core-prod/sandbox-npm-cache/cookie/-/cookie-0.7.2.tgz
[0m[32mDownload[0m https://europe-west1-npm.pkg.dev/lovable-core-prod/sandbox-npm-cache/statuses/-/statuses-2.0.2.tgz
[0m[32mDownload[0m https://europe-west1-npm.pkg.dev/lovable-core-prod/sandbox-npm-cache/qs/-/qs-6.15.3.tgz
[0m[32mDownload[0m https://europe-west1-npm.pkg.dev/lovable-core-prod/sandbox-npm-cache/merge-descriptors/-/merge-descriptors-2.0.0.tgz
[0m[32mDownload[0m https://europe-west1-npm.pkg.dev/lovable-core-prod/sandbox-npm-cache/send/-/send-1.2.1.tgz
[0m[32mDownload[0m https://europe-west1-npm.pkg.dev/lovable-core-prod/sandbox-npm-cache/type-is/-/type-is-2.1.0.tgz
[0m[32mDownload[0m https://europe-west1-npm.pkg.dev/lovable-core-prod/sandbox-npm-cache/http-errors/-/http-errors-2.0.1.tgz
[0m[32mDownload[0m https://europe-west1-npm.pkg.dev/lovable-core-prod/sandbox-npm-cache/once/-/once-1.4.0.tgz
[0m[32mDownload[0m https://europe-west1-npm.pkg.dev/lovable-core-prod/sandbox-npm-cache/iconv-lite/-/iconv-lite-0.7.3.tgz
[0m[32mDownload[0m https://europe-west1-npm.pkg.dev/lovable-core-prod/sandbox-npm-cache/unpipe/-/unpipe-1.0.0.tgz
[0m[32mDownload[0m https://europe-west1-npm.pkg.dev/lovable-core-prod/sandbox-npm-cache/bytes/-/bytes-3.1.2.tgz
[0m[32mDownload[0m https://europe-west1-npm.pkg.dev/lovable-core-prod/sandbox-npm-cache/require-from-string/-/require-from-string-2.0.2.tgz
[0m[32mDownload[0m https://europe-west1-npm.pkg.dev/lovable-core-prod/sandbox-npm-cache/fast-uri/-/fast-uri-3.1.5.tgz
[0m[32mDownload[0m https://europe-west1-npm.pkg.dev/lovable-core-prod/sandbox-npm-cache/json-schema-traverse/-/json-schema-traverse-1.0.0.tgz
[0m[32mDownload[0m https://europe-west1-npm.pkg.dev/lovable-core-prod/sandbox-npm-cache/object-assign/-/object-assign-4.1.1.tgz
[0m[32mDownload[0m https://europe-west1-npm.pkg.dev/lovable-core-prod/sandbox-npm-cache/@floating-ui/dom/-/dom-1.8.0.tgz
[0m[32mDownload[0m https://europe-west1-npm.pkg.dev/lovable-core-prod/sandbox-npm-cache/color-convert/-/color-convert-2.0.1.tgz
[0m[32mDownload[0m https://europe-west1-npm.pkg.dev/lovable-core-prod/sandbox-npm-cache/has-flag/-/has-flag-4.0.0.tgz
[0m[32mDownload[0m https://europe-west1-npm.pkg.dev/lovable-core-prod/sandbox-npm-cache/p-locate/-/p-locate-5.0.0.tgz
[0m[32mDownload[0m https://europe-west1-npm.pkg.dev/lovable-core-prod/sandbox-npm-cache/isexe/-/isexe-2.0.0.tgz
[0m[32mDownload[0m https://europe-west1-npm.pkg.dev/lovable-core-prod/sandbox-npm-cache/shebang-regex/-/shebang-regex-3.0.0.tgz
[0m[32mDownload[0m https://europe-west1-npm.pkg.dev/lovable-core-prod/sandbox-npm-cache/keyv/-/keyv-4.5.4.tgz
[0m[32mDownload[0m https://europe-west1-npm.pkg.dev/lovable-core-prod/sandbox-npm-cache/flatted/-/flatted-3.4.4.tgz
[0m[32mDownload[0m https://europe-west1-npm.pkg.dev/lovable-core-prod/sandbox-npm-cache/balanced-match/-/balanced-match-1.0.2.tgz
[0m[32mDownload[0m https://europe-west1-npm.pkg.dev/lovable-core-prod/sandbox-npm-cache/concat-map/-/concat-map-0.0.1.tgz
[0m[32mDownload[0m https://europe-west1-npm.pkg.dev/lovable-core-prod/sandbox-npm-cache/punycode/-/punycode-2.3.1.tgz
[0m[32mDownload[0m https://europe-west1-npm.pkg.dev/lovable-core-prod/sandbox-npm-cache/argparse/-/argparse-2.0.1.tgz
[0m[32mDownload[0m https://europe-west1-npm.pkg.dev/lovable-core-prod/sandbox-npm-cache/parent-module/-/parent-module-1.0.1.tgz
[0m[32mDownload[0m https://europe-west1-npm.pkg.dev/lovable-core-prod/sandbox-npm-cache/resolve-from/-/resolve-from-4.0.0.tgz
[0m[32mDownload[0m https://europe-west1-npm.pkg.dev/lovable-core-prod/sandbox-npm-cache/webidl-conversions/-/webidl-conversions-3.0.1.tgz
[0m[32mDownload[0m https://europe-west1-npm.pkg.dev/lovable-core-prod/sandbox-npm-cache/tr46/-/tr46-0.0.3.tgz
[0m[32mDownload[0m https://europe-west1-npm.pkg.dev/lovable-core-prod/sandbox-npm-cache/get-nonce/-/get-nonce-1.0.1.tgz
[0m[32mDownload[0m https://europe-west1-npm.pkg.dev/lovable-core-prod/sandbox-npm-cache/detect-node-es/-/detect-node-es-1.1.0.tgz
[0m[32mDownload[0m https://europe-west1-npm.pkg.dev/lovable-core-prod/sandbox-npm-cache/@jridgewell/gen-mapping/-/gen-mapping-0.3.13.tgz
[0m[32mDownload[0m https://europe-west1-npm.pkg.dev/lovable-core-prod/sandbox-npm-cache/@jridgewell/trace-mapping/-/trace-mapping-0.3.31.tgz
[0m[32mDownload[0m https://europe-west1-npm.pkg.dev/lovable-core-prod/sandbox-npm-cache/@jridgewell/sourcemap-codec/-/sourcemap-codec-1.5.5.tgz
[0m[32mDownload[0m https://europe-west1-npm.pkg.dev/lovable-core-prod/sandbox-npm-cache/tapable/-/tapable-2.3.3.tgz
[0m[32mDownload[0m https://europe-west1-npm.pkg.dev/lovable-core-prod/sandbox-npm-cache/graceful-fs/-/graceful-fs-4.2.11.tgz
[0m[32mDownload[0m https://europe-west1-npm.pkg.dev/lovable-core-prod/sandbox-npm-cache/@types/d3-path/-/d3-path-3.1.1.tgz
[0m[32mDownload[0m https://europe-west1-npm.pkg.dev/lovable-core-prod/sandbox-npm-cache/internmap/-/internmap-2.0.3.tgz
[0m[32mDownload[0m https://europe-west1-npm.pkg.dev/lovable-core-prod/sandbox-npm-cache/d3-time-format/-/d3-time-format-4.1.0.tgz
[0m[32mDownload[0m https://europe-west1-npm.pkg.dev/lovable-core-prod/sandbox-npm-cache/d3-format/-/d3-format-3.1.2.tgz
[0m[32mDownload[0m https://europe-west1-npm.pkg.dev/lovable-core-prod/sandbox-npm-cache/d3-color/-/d3-color-3.1.0.tgz
[0m[32mDownload[0m https://europe-west1-npm.pkg.dev/lovable-core-prod/sandbox-npm-cache/d3-path/-/d3-path-3.1.0.tgz
[0m[32mDownload[0m https://europe-west1-npm.pkg.dev/lovable-core-prod/sandbox-npm-cache/@types/d3-color/-/d3-color-3.1.3.tgz
[0m[32mDownload[0m https://europe-west1-npm.pkg.dev/lovable-core-prod/sandbox-npm-cache/@babel/runtime/-/runtime-7.29.7.tgz
[0m[32mDownload[0m https://europe-west1-npm.pkg.dev/lovable-core-prod/sandbox-npm-cache/dom-helpers/-/dom-helpers-5.2.1.tgz
[0m[32mDownload[0m https://europe-west1-npm.pkg.dev/lovable-core-prod/sandbox-npm-cache/loose-envify/-/loose-envify-1.4.0.tgz
[0m[32mDownload[0m https://europe-west1-npm.pkg.dev/lovable-core-prod/sandbox-npm-cache/react-is/-/react-is-16.13.1.tgz
[0m[32mDownload[0m https://europe-west1-npm.pkg.dev/lovable-core-prod/sandbox-npm-cache/js-tokens/-/js-tokens-4.0.0.tgz
[0m[32mDownload[0m https://europe-west1-npm.pkg.dev/lovable-core-prod/sandbox-npm-cache/jsesc/-/jsesc-3.1.0.tgz
[0m[32mDownload[0m https://europe-west1-npm.pkg.dev/lovable-core-prod/sandbox-npm-cache/@babel/helper-module-imports/-/helper-module-imports-7.29.7.tgz
[0m[32mDownload[0m https://europe-west1-npm.pkg.dev/lovable-core-prod/sandbox-npm-cache/@babel/helper-globals/-/helper-globals-7.29.7.tgz
[0m[32mDownload[0m https://europe-west1-npm.pkg.dev/lovable-core-prod/sandbox-npm-cache/lru-cache/-/lru-cache-5.1.1.tgz
[0m[32mDownload[0m https://europe-west1-npm.pkg.dev/lovable-core-prod/sandbox-npm-cache/browserslist/-/browserslist-4.28.8.tgz
[0m[32mDownload[0m https://europe-west1-npm.pkg.dev/lovable-core-prod/sandbox-npm-cache/@babel/helper-validator-option/-/helper-validator-option-7.29.7.tgz
[0m[32mDownload[0m https://europe-west1-npm.pkg.dev/lovable-core-prod/sandbox-npm-cache/@babel/compat-data/-/compat-data-7.29.7.tgz
[0m[32mDownload[0m https://europe-west1-npm.pkg.dev/lovable-core-prod/sandbox-npm-cache/@tanstack/devtools-event-client/-/devtools-event-client-0.5.0.tgz
[0m[32mDownload[0m https://europe-west1-npm.pkg.dev/lovable-core-prod/sandbox-npm-cache/oxc-parser/-/oxc-parser-0.120.0.tgz
[0m[32mDownload[0m https://europe-west1-npm.pkg.dev/lovable-core-prod/sandbox-npm-cache/launch-editor/-/launch-editor-2.14.1.tgz
[0m[32mDownload[0m https://europe-west1-npm.pkg.dev/lovable-core-prod/sandbox-npm-cache/eslint-visitor-keys/-/eslint-visitor-keys-5.0.1.tgz
[0m[32mDownload[0m https://europe-west1-npm.pkg.dev/lovable-core-prod/sandbox-npm-cache/brace-expansion/-/brace-expansion-5.0.9.tgz
[0m[32mDownload[0m https://europe-west1-npm.pkg.dev/lovable-core-prod/sandbox-npm-cache/buffer-equal-constant-time/-/buffer-equal-constant-time-1.0.1.tgz
[0m[32mDownload[0m https://europe-west1-npm.pkg.dev/lovable-core-prod/sandbox-npm-cache/bignumber.js/-/bignumber.js-9.3.1.tgz
[0m[32mDownload[0m https://europe-west1-npm.pkg.dev/lovable-core-prod/sandbox-npm-cache/agent-base/-/agent-base-7.1.4.tgz
[0m[32mDownload[0m https://europe-west1-npm.pkg.dev/lovable-core-prod/sandbox-npm-cache/@oozcitak/infra/-/infra-2.0.2.tgz
[0m[32mDownload[0m https://europe-west1-npm.pkg.dev/lovable-core-prod/sandbox-npm-cache/@oozcitak/util/-/util-10.0.0.tgz
[0m[32mDownload[0m https://europe-west1-npm.pkg.dev/lovable-core-prod/sandbox-npm-cache/@oozcitak/dom/-/dom-2.0.2.tgz
[0m[32mDownload[0m https://europe-west1-npm.pkg.dev/lovable-core-prod/sandbox-npm-cache/rou3/-/rou3-0.8.1.tgz
[0m[32mDownload[0m https://europe-west1-npm.pkg.dev/lovable-core-prod/sandbox-npm-cache/content-type/-/content-type-2.1.0.tgz
[0m[32mDownload[0m https://europe-west1-npm.pkg.dev/lovable-core-prod/sandbox-npm-cache/ee-first/-/ee-first-1.1.1.tgz
[0m[32mDownload[0m https://europe-west1-npm.pkg.dev/lovable-core-prod/sandbox-npm-cache/is-promise/-/is-promise-4.0.0.tgz
[0m[32mDownload[0m https://europe-west1-npm.pkg.dev/lovable-core-prod/sandbox-npm-cache/path-to-regexp/-/path-to-regexp-8.4.2.tgz
[0m[32mDownload[0m https://europe-west1-npm.pkg.dev/lovable-core-prod/sandbox-npm-cache/negotiator/-/negotiator-1.0.0.tgz
[0m[32mDownload[0m https://europe-west1-npm.pkg.dev/lovable-core-prod/sandbox-npm-cache/mime-db/-/mime-db-1.54.0.tgz
[0m[32mDownload[0m https://europe-west1-npm.pkg.dev/lovable-core-prod/sandbox-npm-cache/forwarded/-/forwarded-0.2.0.tgz
[0m[32mDownload[0m https://europe-west1-npm.pkg.dev/lovable-core-prod/sandbox-npm-cache/ipaddr.js/-/ipaddr.js-1.9.1.tgz
[0m[32mDownload[0m https://europe-west1-npm.pkg.dev/lovable-core-prod/sandbox-npm-cache/side-channel/-/side-channel-1.1.1.tgz
[0m[32mDownload[0m https://europe-west1-npm.pkg.dev/lovable-core-prod/sandbox-npm-cache/es-define-property/-/es-define-property-1.0.1.tgz
[0m[32mDownload[0m https://europe-west1-npm.pkg.dev/lovable-core-prod/sandbox-npm-cache/media-typer/-/media-typer-1.1.1.tgz
[0m[32mDownload[0m https://europe-west1-npm.pkg.dev/lovable-core-prod/sandbox-npm-cache/inherits/-/inherits-2.0.4.tgz
[0m[32mDownload[0m https://europe-west1-npm.pkg.dev/lovable-core-prod/sandbox-npm-cache/toidentifier/-/toidentifier-1.0.1.tgz
[0m[32mDownload[0m https://europe-west1-npm.pkg.dev/lovable-core-prod/sandbox-npm-cache/setprototypeof/-/setprototypeof-1.2.0.tgz
[0m[32mDownload[0m https://europe-west1-npm.pkg.dev/lovable-core-prod/sandbox-npm-cache/wrappy/-/wrappy-1.0.2.tgz
[0m[32mDownload[0m https://europe-west1-npm.pkg.dev/lovable-core-prod/sandbox-npm-cache/safer-buffer/-/safer-buffer-2.1.2.tgz
[0m[32mDownload[0m https://europe-west1-npm.pkg.dev/lovable-core-prod/sandbox-npm-cache/@floating-ui/core/-/core-1.8.0.tgz
[0m[32mDownload[0m https://europe-west1-npm.pkg.dev/lovable-core-prod/sandbox-npm-cache/@floating-ui/utils/-/utils-0.2.12.tgz
[0m[32mDownload[0m https://europe-west1-npm.pkg.dev/lovable-core-prod/sandbox-npm-cache/color-name/-/color-name-1.1.4.tgz
[0m[32mDownload[0m https://europe-west1-npm.pkg.dev/lovable-core-prod/sandbox-npm-cache/p-limit/-/p-limit-3.1.0.tgz
[0m[32mDownload[0m https://europe-west1-npm.pkg.dev/lovable-core-prod/sandbox-npm-cache/json-buffer/-/json-buffer-3.0.1.tgz
[0m[32mDownload[0m https://europe-west1-npm.pkg.dev/lovable-core-prod/sandbox-npm-cache/callsites/-/callsites-3.1.0.tgz
[0m[32mDownload[0m https://europe-west1-npm.pkg.dev/lovable-core-prod/sandbox-npm-cache/@jridgewell/resolve-uri/-/resolve-uri-3.1.2.tgz
[0m[32mDownload[0m https://europe-west1-npm.pkg.dev/lovable-core-prod/sandbox-npm-cache/yallist/-/yallist-3.1.1.tgz
[0m[32mDownload[0m https://europe-west1-npm.pkg.dev/lovable-core-prod/sandbox-npm-cache/caniuse-lite/-/caniuse-lite-1.0.30001809.tgz
[0m[32mDownload[0m https://europe-west1-npm.pkg.dev/lovable-core-prod/sandbox-npm-cache/update-browserslist-db/-/update-browserslist-db-1.3.1.tgz
[0m[32mDownload[0m https://europe-west1-npm.pkg.dev/lovable-core-prod/sandbox-npm-cache/electron-to-chromium/-/electron-to-chromium-1.5.406.tgz
[0m[32mDownload[0m https://europe-west1-npm.pkg.dev/lovable-core-prod/sandbox-npm-cache/node-releases/-/node-releases-2.0.53.tgz
[0m[32mDownload[0m https://europe-west1-npm.pkg.dev/lovable-core-prod/sandbox-npm-cache/baseline-browser-mapping/-/baseline-browser-mapping-2.11.14.tgz
[0m[32mDownload[0m https://europe-west1-npm.pkg.dev/lovable-core-prod/sandbox-npm-cache/@oxc-parser/binding-linux-x64-musl/-/binding-linux-x64-musl-0.120.0.tgz
[0m[32mDownload[0m https://europe-west1-npm.pkg.dev/lovable-core-prod/sandbox-npm-cache/@oxc-parser/binding-linux-x64-gnu/-/binding-linux-x64-gnu-0.120.0.tgz
[0m[32mDownload[0m https://europe-west1-npm.pkg.dev/lovable-core-prod/sandbox-npm-cache/@oxc-project/types/-/types-0.120.0.tgz
[0m[32mDownload[0m https://europe-west1-npm.pkg.dev/lovable-core-prod/sandbox-npm-cache/shell-quote/-/shell-quote-1.10.0.tgz
[0m[32mDownload[0m https://europe-west1-npm.pkg.dev/lovable-core-prod/sandbox-npm-cache/balanced-match/-/balanced-match-4.0.4.tgz
[0m[32mDownload[0m https://europe-west1-npm.pkg.dev/lovable-core-prod/sandbox-npm-cache/@oozcitak/url/-/url-3.0.0.tgz
[0m[32mDownload[0m https://europe-west1-npm.pkg.dev/lovable-core-prod/sandbox-npm-cache/object-inspect/-/object-inspect-1.13.4.tgz
[0m[32mDownload[0m https://europe-west1-npm.pkg.dev/lovable-core-prod/sandbox-npm-cache/side-channel-list/-/side-channel-list-1.0.1.tgz
[0m[32mDownload[0m https://europe-west1-npm.pkg.dev/lovable-core-prod/sandbox-npm-cache/side-channel-map/-/side-channel-map-1.0.1.tgz
[0m[32mDownload[0m https://europe-west1-npm.pkg.dev/lovable-core-prod/sandbox-npm-cache/side-channel-weakmap/-/side-channel-weakmap-1.0.2.tgz
[0m[32mDownload[0m https://europe-west1-npm.pkg.dev/lovable-core-prod/sandbox-npm-cache/es-errors/-/es-errors-1.3.0.tgz
[0m[32mDownload[0m https://europe-west1-npm.pkg.dev/lovable-core-prod/sandbox-npm-cache/yocto-queue/-/yocto-queue-0.1.0.tgz
[0m[32mDownload[0m https://europe-west1-npm.pkg.dev/lovable-core-prod/sandbox-npm-cache/escalade/-/escalade-3.2.0.tgz
[0m[32mDownload[0m https://europe-west1-npm.pkg.dev/lovable-core-prod/sandbox-npm-cache/call-bound/-/call-bound-1.0.4.tgz
[0m[32mDownload[0m https://europe-west1-npm.pkg.dev/lovable-core-prod/sandbox-npm-cache/get-intrinsic/-/get-intrinsic-1.3.0.tgz
[0m[32mDownload[0m https://europe-west1-npm.pkg.dev/lovable-core-prod/sandbox-npm-cache/call-bind-apply-helpers/-/call-bind-apply-helpers-1.0.2.tgz
[0m[32mDownload[0m https://europe-west1-npm.pkg.dev/lovable-core-prod/sandbox-npm-cache/es-object-atoms/-/es-object-atoms-1.1.2.tgz
[0m[32mDownload[0m https://europe-west1-npm.pkg.dev/lovable-core-prod/sandbox-npm-cache/gopd/-/gopd-1.2.0.tgz
[0m[32mDownload[0m https://europe-west1-npm.pkg.dev/lovable-core-prod/sandbox-npm-cache/get-proto/-/get-proto-1.0.1.tgz
[0m[32mDownload[0m https://europe-west1-npm.pkg.dev/lovable-core-prod/sandbox-npm-cache/math-intrinsics/-/math-intrinsics-1.1.0.tgz
[0m[32mDownload[0m https://europe-west1-npm.pkg.dev/lovable-core-prod/sandbox-npm-cache/function-bind/-/function-bind-1.1.2.tgz
[0m[32mDownload[0m https://europe-west1-npm.pkg.dev/lovable-core-prod/sandbox-npm-cache/has-symbols/-/has-symbols-1.1.0.tgz
[0m[32mDownload[0m https://europe-west1-npm.pkg.dev/lovable-core-prod/sandbox-npm-cache/hasown/-/hasown-2.0.4.tgz
[0m[32mDownload[0m https://europe-west1-npm.pkg.dev/lovable-core-prod/sandbox-npm-cache/dunder-proto/-/dunder-proto-1.0.1.tgz
[0m[32mInitialize[0m @radix-ui/number@1.1.3
[0m[32mInitialize[0m @eslint/js@9.39.5
[0m[32mInitialize[0m @radix-ui/react-progress@1.1.16
[0m[32mInitialize[0m @radix-ui/react-separator@1.1.15
[0m[32mInitialize[0m @radix-ui/react-toggle@1.1.18
[0m[32mInitialize[0m @radix-ui/react-hover-card@1.1.23
[0m[32mInitialize[0m @radix-ui/react-slot@1.3.3
[0m[32mInitialize[0m @radix-ui/react-checkbox@1.3.11
[0m[32mInitialize[0m @radix-ui/react-aspect-ratio@1.1.15
[0m[32mInitialize[0m @tailwindcss/vite@4.3.3
[0m[32mInitialize[0m @radix-ui/react-dropdown-menu@2.1.24
[0m[32mInitialize[0m @lovable.dev/cloud-auth-js@1.1.2
[0m[32mInitialize[0m @radix-ui/react-popover@1.1.23
[0m[32mInitialize[0m eslint-plugin-prettier@5.5.6
[0m[32mInitialize[0m @radix-ui/react-navigation-menu@1.2.22
[0m[32mInitialize[0m @radix-ui/react-accordion@1.2.20
[0m[32mInitialize[0m @radix-ui/react-slider@1.4.7
[0m[32mInitialize[0m @radix-ui/react-menubar@1.1.24
[0m[32mInitialize[0m @types/react-dom@19.2.4
[0m[32mInitialize[0m @radix-ui/react-collapsible@1.1.20
[0m[32mInitialize[0m @radix-ui/react-avatar@1.2.6
[0m[32mInitialize[0m @radix-ui/react-label@2.1.15
[0m[32mInitialize[0m typescript-eslint@8.67.0
[0m[32mInitialize[0m @radix-ui/react-dialog@1.1.23
[0m[32mInitialize[0m @radix-ui/react-scroll-area@1.2.18
[0m[32mInitialize[0m @radix-ui/react-tabs@1.1.21
[0m[32mInitialize[0m @radix-ui/react-switch@1.3.7
[0m[32mInitialize[0m @radix-ui/react-visually-hidden@1.2.11
[0m[32mInitialize[0m react@19.2.8
[0m[32mInitialize[0m @radix-ui/react-context-menu@2.3.7
[0m[32mInitialize[0m @radix-ui/react-toggle-group@1.1.19
[0m[32mInitialize[0m @radix-ui/react-id@1.1.4
[0m[32mInitialize[0m @radix-ui/react-context@1.2.2
[0m[32mInitialize[0m @radix-ui/react-direction@1.1.4
[0m[32mInitialize[0m @radix-ui/react-primitive@2.1.10
[0m[32mInitialize[0m @radix-ui/react-compose-refs@1.1.5
[0m[32mInitialize[0m @radix-ui/react-use-layout-effect@1.1.4
[0m[32mInitialize[0m @lovable.dev/vite-tanstack-config@2.13.1
[0m[32mInitialize[0m @radix-ui/react-radio-group@1.4.7
[0m[32mInitialize[0m @radix-ui/react-tooltip@1.2.16
[0m[32mInitialize[0m @radix-ui/react-alert-dialog@1.1.23
[0m[32mInitialize[0m @radix-ui/react-collection@1.1.15
[0m[32mInitialize[0m sonner@2.0.8
[0m[32mInitialize[0m @radix-ui/react-use-controllable-state@1.2.6
[0m[32mInitialize[0m @tanstack/react-start@1.168.45
[0m[32mInitialize[0m @radix-ui/react-presence@1.1.10
[0m[32mInitialize[0m @radix-ui/react-use-callback-ref@1.1.4
[0m[32mInitialize[0m @radix-ui/react-use-previous@1.1.4
[0m[32mInitialize[0m @radix-ui/react-portal@1.1.17
[0m[32mInitialize[0m @radix-ui/react-dismissable-layer@1.1.19
[0m[32mInitialize[0m @radix-ui/primitive@1.1.7
[0m[32mInitialize[0m @radix-ui/react-popper@1.3.7
[0m[32mInitialize[0m @radix-ui/react-use-size@1.1.4
[0m[32mInitialize[0m jose@6.2.8
[0m[32mInitialize[0m @types/estree@1.0.9
[0m[32mInitialize[0m @humanfs/node@0.16.8
[0m[32mInitialize[0m @radix-ui/react-focus-guards@1.1.6
[0m[32mInitialize[0m @radix-ui/react-roving-focus@1.1.19
[0m[32mInitialize[0m @tailwindcss/oxide@4.3.3
[0m[32mInitialize[0m @radix-ui/react-focus-scope@1.1.16
[0m[32mInitialize[0m isbot@5.2.1
[0m[32mInitialize[0m synckit@0.11.13
[0m[32mInitialize[0m tinyglobby@0.2.17
[0m[32mInitialize[0m @tanstack/history@1.162.1
[0m[32mInitialize[0m picomatch@4.0.5
[0m[32mInitialize[0m @radix-ui/react-menu@2.1.24
[0m[32mInitialize[0m hookable@6.1.1
[0m[32mInitialize[0m @tailwindcss/node@4.3.3
[0m[32mInitialize[0m ocache@0.1.5
[0m[32mInitialize[0m ohash@2.0.12
[0m[32mInitialize[0m @date-fns/tz@1.5.0
[0m[32mInitialize[0m @typescript-eslint/parser@8.67.0
[0m[32mInitialize[0m @babel/template@7.29.7
[0m[32mInitialize[0m @radix-ui/react-use-is-hydrated@0.1.3
[0m[32mInitialize[0m @tanstack/devtools-vite@0.8.3
[0m[32mInitialize[0m srvx@0.11.22
[0m[32mInitialize[0m @babel/plugin-transform-react-jsx-self@7.29.7
[0m[32mInitialize[0m @babel/plugin-transform-react-jsx-source@7.29.7
[0m[32mInitialize[0m unplugin@3.3.0
[0m[32mInitialize[0m postcss@8.5.26
[0m[32mInitialize[0m @typescript-eslint/utils@8.67.0
[0m[32mInitialize[0m env-runner@0.1.16
[0m[32mInitialize[0m crossws@0.4.10
[0m[32mInitialize[0m @tanstack/router-utils@1.162.2
[0m[32mInitialize[0m @tanstack/react-start-server@1.167.33
[0m[32mInitialize[0m @tanstack/react-start-client@1.168.26
[0m[32mInitialize[0m @radix-ui/react-use-effect-event@0.0.5
[0m[32mInitialize[0m @radix-ui/react-arrow@1.1.15
[0m[32mInitialize[0m @radix-ui/rect@1.1.3
[0m[32mInitialize[0m @hono/node-server@1.19.17
[0m[32mInitialize[0m @radix-ui/react-use-rect@1.1.4
[0m[32mInitialize[0m express-rate-limit@8.6.2
[0m[32mInitialize[0m eventsource-parser@3.1.1
[0m[32mInitialize[0m @floating-ui/react-dom@2.1.9
[0m[32mInitialize[0m @humanfs/types@0.15.0
[0m[32mInitialize[0m @humanfs/core@0.19.2
[0m[32mInitialize[0m brace-expansion@1.1.18
[0m[32mInitialize[0m @pkgr/core@0.3.6
[0m[32mInitialize[0m seroval-plugins@1.6.2
[0m[32mInitialize[0m ws@8.21.3
[0m[32mInitialize[0m nanoid@3.3.18
[0m[32mInitialize[0m exsolve@1.1.1
[0m[32mInitialize[0m httpxy@0.5.5
[0m[32mInitialize[0m @oxc-project/types@0.144.0
[0m[32mInitialize[0m @rolldown/pluginutils@1.0.1
[0m[32mInitialize[0m ansis@4.3.1
[0m[32mInitialize[0m @babel/code-frame@7.29.7
[0m[32mInitialize[0m fast-equals@5.4.1
[0m[32mInitialize[0m rou3@0.9.2
[0m[32mInitialize[0m @babel/helper-compilation-targets@7.29.7
[0m[32mInitialize[0m @tanstack/virtual-file-routes@1.162.0
[0m[32mInitialize[0m @tanstack/devtools-client@0.0.8
[0m[32mInitialize[0m readdirp@5.1.1
[0m[32mInitialize[0m @babel/helper-string-parser@7.29.7
[0m[32mInitialize[0m @babel/helper-module-transforms@7.29.7
[0m[32mInitialize[0m srvx@0.12.5
[0m[32mInitialize[0m @typescript-eslint/tsconfig-utils@8.67.0
[0m[32mInitialize[0m @typescript-eslint/visitor-keys@8.67.0
[0m[32mInitialize[0m @typescript-eslint/project-service@8.67.0
[0m[32mInitialize[0m @babel/helper-validator-identifier@7.29.7
[0m[32mInitialize[0m @typescript-eslint/types@8.67.0
[0m[32mInitialize[0m @tanstack/devtools-event-bus@0.4.2
[0m[32mInitialize[0m @babel/helper-plugin-utils@7.29.7
[0m[32mInitialize[0m @typescript-eslint/type-utils@8.67.0
[0m[32mInitialize[0m semver@7.8.5
[0m[32mInitialize[0m ignore@7.0.6
[0m[32mInitialize[0m @tanstack/start-storage-context@1.167.25
[0m[32mInitialize[0m @tanstack/start-fn-stubs@1.162.0
[0m[32mInitialize[0m body-parser@2.3.0
[0m[32mInitialize[0m range-parser@1.3.0
[0m[32mInitialize[0m content-disposition@1.1.0
[0m[32mInitialize[0m fetchdts@0.1.7
[0m[32mInitialize[0m ufo@1.6.4
[0m[32mInitialize[0m type-is@2.1.0
[0m[32mInitialize[0m fast-uri@3.1.5
[0m[32mInitialize[0m @floating-ui/dom@1.8.0
[0m[32mInitialize[0m flatted@3.4.4
[0m[32mInitialize[0m tapable@2.3.3
[0m[32mInitialize[0m @babel/helper-validator-option@7.29.7
[0m[32mInitialize[0m @babel/compat-data@7.29.7
[0m[32mInitialize[0m @babel/helper-module-imports@7.29.7
[0m[32mInitialize[0m @babel/helper-globals@7.29.7
[0m[32mInitialize[0m launch-editor@2.14.1
[0m[32mInitialize[0m brace-expansion@5.0.9
[0m[32mInitialize[0m browserslist@4.28.8
[0m[32mInitialize[0m @tanstack/devtools-event-client@0.5.0
[0m[32mInitialize[0m content-type@2.1.0
[0m[32mInitialize[0m @babel/runtime@7.29.7
[0m[32mInitialize[0m media-typer@1.1.1
[0m[32mInitialize[0m update-browserslist-db@1.3.1
[0m[32mInitialize[0m side-channel@1.1.1
[0m[32mInitialize[0m node-releases@2.0.53
[0m[32mInitialize[0m @floating-ui/utils@0.2.12
[0m[32mInitialize[0m shell-quote@1.10.0
[0m[32mInitialize[0m @floating-ui/core@1.8.0
[0m[32mInitialize[0m electron-to-chromium@1.5.406
[0m[32mInitialize[0m es-object-atoms@1.1.2
[0m[32mInitialize[0m baseline-browser-mapping@2.11.14
[0m[32mInitialize[0m side-channel-list@1.0.1
[0m[32mInitialize[0m hasown@2.0.4
[0m[32mInitialize[0m optionator@0.9.4
[0m[32mInitialize[0m is-glob@4.0.3
[0m[32mInitialize[0m tw-animate-css@1.4.0
[0m[32mInitialize[0m eslint-plugin-react-refresh@0.4.26
[0m[32mInitialize[0m input-otp@1.4.2
[0m[32mInitialize[0m eslint-visitor-keys@4.2.1
[0m[32mInitialize[0m @supabase/postgrest-js@1.15.8
[0m[32mInitialize[0m class-variance-authority@0.7.1
[0m[32mInitialize[0m @supabase/supabase-js@2.45.0
[0m[32mInitialize[0m clsx@2.1.1
[0m[32mInitialize[0m eslint-plugin-react-hooks@5.2.0
[0m[32mInitialize[0m vite-tsconfig-paths@6.1.1
[0m[32mInitialize[0m @vitejs/plugin-react@5.2.0
[0m[32mInitialize[0m eslint-config-prettier@10.1.8
[0m[32mInitialize[0m vaul@1.1.2
[0m[32mInitialize[0m cmdk@1.1.1
[0m[32mInitialize[0m globals@15.15.0
[0m[32mInitialize[0m chalk@4.1.2
[0m[32mInitialize[0m embla-carousel-react@8.6.0
[0m[32mInitialize[0m find-up@5.0.0
[0m[32mInitialize[0m escape-string-regexp@4.0.0
[0m[32mInitialize[0m cross-spawn@7.0.6
[0m[32mInitialize[0m natural-compare@1.4.0
[0m[32mInitialize[0m @humanwhocodes/module-importer@1.0.1
[0m[32mInitialize[0m minimatch@3.1.5
[0m[32mInitialize[0m esutils@2.0.3
[0m[32mInitialize[0m espree@10.4.0
[0m[32mInitialize[0m @eslint/config-helpers@0.4.2
[0m[32mInitialize[0m @eslint/core@0.17.0
[0m[32mInitialize[0m esbuild@0.27.7
[0m[32mInitialize[0m file-entry-cache@8.0.0
[0m[32mInitialize[0m @supabase/storage-js@2.6.0
[0m[32mInitialize[0m ignore@5.3.2
[0m[32mInitialize[0m fast-deep-equal@3.1.3
[0m[32mInitialize[0m json-stable-stringify-without-jsonify@1.0.1
[0m[32mInitialize[0m lodash.merge@4.6.2
[0m[32mInitialize[0m eslint-scope@8.4.0
[0m[32mInitialize[0m debug@4.4.3
[0m[32mInitialize[0m glob-parent@6.0.2
[0m[32mInitialize[0m @lovable.dev/mcp-js@0.20.1
[0m[32mInitialize[0m @eslint/plugin-kit@0.4.1
[0m[32mInitialize[0m globrex@0.1.2
[0m[32mInitialize[0m @humanwhocodes/retry@0.4.3
[0m[32mInitialize[0m tsconfck@3.1.6
[0m[32mDownload[0m https://registry.npmjs.org/tsconfck
[0m[32mInitialize[0m @supabase/functions-js@2.4.1
[0m[32mInitialize[0m imurmurhash@0.1.4
[0m[32mInitialize[0m undici-types@6.21.0
[0m[32mInitialize[0m @standard-schema/utils@0.3.0
[0m[32mInitialize[0m @tanstack/react-store@0.9.3
[0m[32mInitialize[0m aria-hidden@1.2.6
[0m[32mInitialize[0m fdir@6.5.0
[0m[32mInitialize[0m tiny-invariant@1.3.3
[0m[32mInitialize[0m @supabase/node-fetch@2.6.15
[0m[32mInitialize[0m react-is@18.3.1
[0m[32mInitialize[0m @supabase/realtime-js@2.10.2
[0m[32mInitialize[0m prettier-linter-helpers@1.0.1
[0m[32mInitialize[0m eventemitter3@4.0.7
[0m[32mInitialize[0m react-remove-scroll@2.7.2
[0m[32mInitialize[0m ofetch@2.0.0-alpha.3
[0m[32mInitialize[0m @radix-ui/react-select@2.3.7
[0m[32mInitialize[0m @tanstack/react-query@5.101.4
[0m[32mInitialize[0m @tabby_ai/hijri-converter@1.0.5
[0m[32mInitialize[0m @types/react@19.2.18
[0m[32mInitialize[0m @supabase/functions-js@2.112.3
[0m[32mInitialize[0m db0@0.3.4
[0m[32mInitialize[0m recharts-scale@0.4.5
[0m[32mInitialize[0m @eslint-community/eslint-utils@4.10.1
[0m[32mInitialize[0m @eslint-community/regexpp@4.12.2
[0m[32mInitialize[0m react-smooth@4.0.4
[0m[32mInitialize[0m @eslint/config-array@0.21.2
[0m[32mInitialize[0m tailwindcss@4.3.3
[0m[32mInitialize[0m @rolldown/pluginutils@1.0.0-rc.3
[0m[32mInitialize[0m react-refresh@0.18.0
[0m[32mInitialize[0m jws@4.0.1
[0m[32mInitialize[0m chokidar@5.0.0
[0m[32mInitialize[0m @types/babel__core@7.20.5
[0m[32mInitialize[0m gtoken@7.1.0
[0m[32mInitialize[0m unstorage@2.0.0-alpha.7
[0m[32mInitialize[0m @hookform/resolvers@5.8.0
[0m[32mInitialize[0m ecdsa-sig-formatter@1.0.11
[0m[32mInitialize[0m lightningcss@1.32.0
[0m[32mInitialize[0m @supabase/supabase-js@2.112.3
[0m[32mInitialize[0m tailwind-merge@3.6.0
[0m[32mInitialize[0m google-auth-library@9.15.0
[0m[32mInitialize[0m scheduler@0.27.0
[0m[32mInitialize[0m gaxios@6.7.1
[0m[32mInitialize[0m raw-body@3.0.2
[0m[32mInitialize[0m gcp-metadata@6.1.1
[0m[32mInitialize[0m embla-carousel-reactive-utils@8.6.0
[0m[32mInitialize[0m pathe@2.0.3
[0m[32mInitialize[0m react-resizable-panels@4.12.2
[0m[32mInitialize[0m cors@2.8.6
[0m[32mInitialize[0m eventsource@3.0.7
[0m[32mInitialize[0m path-exists@4.0.0
[0m[32mInitialize[0m consola@3.4.2
[0m[32mInitialize[0m iceberg-js@0.8.1
[0m[32mInitialize[0m ajv-formats@3.0.1
[0m[32mInitialize[0m supports-color@7.2.0
[0m[32mInitialize[0m react-day-picker@9.14.0
[0m[32mInitialize[0m locate-path@6.0.0
[0m[32mInitialize[0m flat-cache@4.0.1
[0m[32mInitialize[0m json-schema-typed@8.0.2
[0m[32mInitialize[0m @tanstack/react-router@1.170.28
[0m[32mInitialize[0m shebang-command@2.0.0
[0m[32mInitialize[0m @supabase/realtime-js@2.112.3
[0m[32mInitialize[0m @tanstack/router-plugin@1.168.31
[0m[32mInitialize[0m @eslint/object-schema@2.1.7
[0m[32mInitialize[0m acorn-jsx@5.3.2
[0m[32mInitialize[0m @eslint/eslintrc@3.3.6
[0m[32mInitialize[0m json-schema-traverse@0.4.1
[0m[32mInitialize[0m fast-json-stable-stringify@2.1.0
[0m[32mInitialize[0m @supabase/auth-js@2.64.4
[0m[32mInitialize[0m @typescript-eslint/typescript-estree@8.67.0
[0m[32mInitialize[0m esquery@1.7.0
[0m[32mInitialize[0m @supabase/storage-js@2.112.3
[0m[32mInitialize[0m ms@2.1.3
[0m[32mInitialize[0m ajv@6.15.0
[0m[32mInitialize[0m estraverse@5.3.0
[0m[32mInitialize[0m esrecurse@4.3.0
[0m[32mInitialize[0m @types/json-schema@7.0.15
[0m[32mInitialize[0m word-wrap@1.2.5
[0m[32mInitialize[0m type-check@0.4.0
[0m[32mInitialize[0m @types/phoenix@1.6.7
[0m[32mInitialize[0m import-fresh@3.3.1
[0m[32mInitialize[0m prelude-ls@1.2.1
[0m[32mInitialize[0m @tanstack/start-server-core@1.169.27
[0m[32mInitialize[0m strip-json-comments@3.1.1
[0m[32mInitialize[0m ansi-styles@4.3.0
[0m[32mInitialize[0m react-hook-form@7.85.0
[0m[32mInitialize[0m eslint-visitor-keys@3.4.3
[0m[32mInitialize[0m globals@14.0.0
[0m[32mInitialize[0m @supabase/postgrest-js@2.112.3
[0m[32mInitialize[0m @tanstack/react-start-rsc@0.1.44
[0m[32mInitialize[0m path-key@3.1.1
[0m[32mInitialize[0m react-style-singleton@2.2.3
[0m[32mInitialize[0m is-extglob@2.1.1
[0m[32mInitialize[0m fast-levenshtein@2.0.6
[0m[32mInitialize[0m react-remove-scroll-bar@2.3.8
[0m[32mInitialize[0m unenv@2.0.0-rc.24
[0m[32mInitialize[0m base64-js@1.5.1
[0m[32mInitialize[0m @types/node@22.20.1
[0m[32mInitialize[0m eslint@9.39.5
[0m[32mInitialize[0m victory-vendor@36.9.2
[0m[32mInitialize[0m deep-is@0.1.4
[0m[32mInitialize[0m nf3@0.3.23
[0m[32mInitialize[0m use-sidecar@1.1.3
[0m[32mInitialize[0m whatwg-url@5.0.0
[0m[32mInitialize[0m source-map-js@1.2.1
[0m[32mInitialize[0m @jridgewell/remapping@2.3.5
[0m[32mInitialize[0m picocolors@1.1.1
[0m[32mInitialize[0m fast-diff@1.3.0
[0m[32mInitialize[0m @types/ws@8.18.1
[0m[32mInitialize[0m h3@2.0.1-rc.26
[0m[32mInitialize[0m tslib@2.8.1
[0m[32mInitialize[0m @tanstack/query-core@5.101.4
[0m[32mInitialize[0m cookie-es@3.1.1
[0m[32mInitialize[0m csstype@3.2.3
[0m[32mInitialize[0m zod@4.4.3
[0m[32mInitialize[0m @tanstack/store@0.9.3
[0m[32mInitialize[0m use-sync-external-store@1.6.0
[0m[32mInitialize[0m @tanstack/start-client-core@1.170.23
[0m[32mInitialize[0m rolldown@1.2.4
[0m[32mInitialize[0m pkce-challenge@5.0.1
[0m[32mInitialize[0m nitro@3.0.260603-beta
[0m[32mInitialize[0m @supabase/auth-js@2.112.3
[0m[32mInitialize[0m d3-ease@3.0.1
[0m[32mInitialize[0m vite@7.3.6
[0m[32mInitialize[0m use-callback-ref@1.3.3
[0m[32mInitialize[0m zod-to-json-schema@3.25.2
[0m[32mInitialize[0m which@2.0.2
[0m[32mInitialize[0m detect-libc@2.1.2
[0m[32mInitialize[0m express@5.2.1
[0m[32mInitialize[0m embla-carousel@8.6.0
[0m[32mInitialize[0m d3-time@3.1.0
[0m[32mInitialize[0m @modelcontextprotocol/sdk@1.28.0
[0m[32mInitialize[0m recharts@2.15.4
[0m[32mInitialize[0m d3-array@3.2.4
[0m[32mInitialize[0m decimal.js-light@2.5.1
[0m[32mInitialize[0m acorn@8.18.0
[0m[32mInitialize[0m d3-interpolate@3.0.1
[0m[32mInitialize[0m d3-scale@4.0.2
[0m[32mInitialize[0m d3-timer@3.0.1
[0m[32mInitialize[0m d3-shape@3.2.0
[0m[32mInitialize[0m semver@6.3.1
[0m[32mInitialize[0m ajv@8.20.0
[0m[32mInitialize[0m gensync@1.0.0-beta.2
[0m[32mInitialize[0m @types/d3-shape@3.1.8
[0m[32mInitialize[0m babel-dead-code-elimination@1.0.12
[0m[32mInitialize[0m convert-source-map@2.0.0
[0m[32mInitialize[0m enhanced-resolve@5.24.5
[0m[32mInitialize[0m magic-string@0.30.21
[0m[32mInitialize[0m seroval@1.6.2
[0m[32mInitialize[0m react-transition-group@4.4.5
[0m[32mInitialize[0m chalk@5.6.2
[0m[32mInitialize[0m prop-types@15.8.1
[0m[32mInitialize[0m webpack-virtual-modules@0.6.2
[0m[32mInitialize[0m json5@2.2.3
[0m[32mDownload[0m https://registry.npmjs.org/recharts
[0m[32mInitialize[0m @types/d3-ease@3.0.2
[0m[32mInitialize[0m @types/d3-timer@3.0.2
[0m[32mInitialize[0m @types/d3-time@3.0.4
[0m[32mInitialize[0m @types/d3-scale@4.0.9
[0m[32mInitialize[0m @babel/core@7.29.7
[0m[32mInitialize[0m @types/d3-array@3.2.2
[0m[32mInitialize[0m @types/d3-interpolate@3.0.4
[0m[32mInitialize[0m rollup@4.62.4
[0m[32mInitialize[0m @types/babel__generator@7.27.0
[0m[32mInitialize[0m jwa@2.0.1
[0m[32mInitialize[0m levn@0.4.1
[0m[32mInitialize[0m json-bigint@1.0.0
[0m[32mInitialize[0m google-logging-utils@0.0.2
[0m[32mInitialize[0m is-stream@2.0.1
[0m[32mInitialize[0m extend@3.0.2
[0m[32mInitialize[0m @types/babel__template@7.4.4
[0m[32mInitialize[0m @types/babel__traverse@7.28.0
[0m[32mInitialize[0m https-proxy-agent@7.0.6
[0m[32mInitialize[0m safe-buffer@5.2.1
[0m[32mInitialize[0m @babel/code-frame@7.27.1
[0m[32mInitialize[0m cookie-signature@1.2.2
[0m[32mInitialize[0m @babel/types@7.29.8
[0m[32mInitialize[0m ts-api-utils@2.5.0
[0m[32mInitialize[0m node-fetch@2.7.0
[0m[32mInitialize[0m hono@4.13.2
[0m[32mInitialize[0m uuid@9.0.1
[0m[32mInitialize[0m @tanstack/start-plugin-core@1.171.35
[0m[32mDownload[0m https://registry.npmjs.org/uuid
[0m[32mInitialize[0m react-dom@19.2.8
[0m[32mInitialize[0m @tanstack/router-core@1.171.23
[0m[32mInitialize[0m on-finished@2.4.1
[0m[32mInitialize[0m vary@1.1.2
[0m[32mInitialize[0m vitefu@1.1.3
[0m[32mInitialize[0m etag@1.8.1
[0m[32mInitialize[0m escape-html@1.0.3
[0m[32mInitialize[0m js-yaml@4.3.1
[0m[32mInitialize[0m source-map@0.7.6
[0m[32mInitialize[0m serve-static@2.2.1
[0m[32mInitialize[0m @typescript-eslint/eslint-plugin@8.67.0
[0m[32mInitialize[0m depd@2.0.0
[0m[32mInitialize[0m fresh@2.0.0
[0m[32mInitialize[0m parseurl@1.3.3
[0m[32mInitialize[0m router@2.2.0
[0m[32mInitialize[0m mime-types@3.0.2
[0m[32mInitialize[0m @tanstack/devtools-bundler-core@0.1.1
[0m[32mInitialize[0m encodeurl@2.0.0
[0m[32mInitialize[0m merge-descriptors@2.0.0
[0m[32mInitialize[0m content-type@1.0.5
[0m[32mInitialize[0m cookie@0.7.2
[0m[32mInitialize[0m accepts@2.0.0
[0m[32mInitialize[0m bytes@3.1.2
[0m[32mInitialize[0m http-errors@2.0.1
[0m[32mInitialize[0m statuses@2.0.2
[0m[32mInitialize[0m once@1.4.0
[0m[32mInitialize[0m send@1.2.1
[0m[32mInitialize[0m require-from-string@2.0.2
[0m[32mInitialize[0m object-assign@4.1.1
[0m[32mInitialize[0m proxy-addr@2.0.7
[0m[32mInitialize[0m unpipe@1.0.0
[0m[32mInitialize[0m json-schema-traverse@1.0.0
[0m[32mInitialize[0m color-convert@2.0.1
[0m[32mInitialize[0m shebang-regex@3.0.0
[0m[32mInitialize[0m isexe@2.0.0
[0m[32mInitialize[0m concat-map@0.0.1
[0m[32mInitialize[0m balanced-match@1.0.2
[0m[32mInitialize[0m has-flag@4.0.0
[0m[32mInitialize[0m typescript@5.9.3
[0m[32mInitialize[0m @babel/generator@7.29.8
[0m[32mInitialize[0m keyv@4.5.4
[0m[32mInitialize[0m detect-node-es@1.1.0
[0m[32mInitialize[0m punycode@2.3.1
[0m[32mInitialize[0m parent-module@1.0.1
[0m[32mInitialize[0m argparse@2.0.1
[0m[32mInitialize[0m graceful-fs@4.2.11
[0m[32mInitialize[0m @types/d3-path@3.1.1
[0m[32mInitialize[0m resolve-from@4.0.0
[0m[32mInitialize[0m tr46@0.0.3
[0m[32mInitialize[0m @typescript-eslint/scope-manager@8.67.0
[0m[32mInitialize[0m prettier@3.9.6
[0m[32mInitialize[0m @jridgewell/gen-mapping@0.3.13
[0m[32mInitialize[0m @types/d3-color@3.1.3
[0m[32mInitialize[0m @jridgewell/trace-mapping@0.3.31
[0m[32mInitialize[0m internmap@2.0.3
[0m[32mInitialize[0m @napi-rs/lzma-linux-x64-gnu@1.5.1
[0m[32mInitialize[0m loose-envify@1.4.0
[0m[32mInitialize[0m @babel/traverse@7.29.8
[0m[32mInitialize[0m d3-format@3.1.2
[0m[32mInitialize[0m d3-color@3.1.0
[0m[32mInitialize[0m @tanstack/router-generator@1.167.29
[0m[32mInitialize[0m react-is@16.13.1
[0m[32mInitialize[0m d3-time-format@4.1.0
[0m[32mInitialize[0m uri-js@4.4.1
[0m[32mInitialize[0m diff@8.0.4
[0m[32mInitialize[0m eslint-visitor-keys@5.0.1
[0m[32mInitialize[0m minimatch@10.2.6
[0m[32mInitialize[0m jsesc@3.1.0
[0m[32mInitialize[0m @babel/parser@7.29.8
[0m[32mInitialize[0m js-tokens@4.0.0
[0m[32mInitialize[0m callsites@3.1.0
[0m[32mInitialize[0m @oxc-project/types@0.120.0
[0m[32mInitialize[0m json-buffer@3.0.1
[0m[32mInitialize[0m @jridgewell/resolve-uri@3.1.2
[0m[32mInitialize[0m qs@6.15.3
[0m[32mInitialize[0m side-channel-weakmap@1.0.2
[0m[32mInitialize[0m yocto-queue@0.1.0
[0m[32mInitialize[0m @supabase/phoenix@0.4.5
[0m[32mInitialize[0m @oozcitak/infra@2.0.2
[0m[32mInitialize[0m @oozcitak/url@3.0.0
[0m[32mInitialize[0m lru-cache@5.1.1
[0m[32mInitialize[0m side-channel-map@1.0.1
[0m[32mInitialize[0m ip-address@10.5.0
[0m[32mInitialize[0m negotiator@1.0.0
[0m[32mInitialize[0m jiti@2.7.0
[0m[32mInitialize[0m finalhandler@2.1.1
[0m[32mInitialize[0m buffer-equal-constant-time@1.0.1
[0m[32mInitialize[0m xmlbuilder2@4.0.3
[0m[32mInitialize[0m path-to-regexp@8.4.2
[0m[32mInitialize[0m @oozcitak/util@10.0.0
[0m[32mInitialize[0m get-proto@1.0.1
[0m[32mInitialize[0m h3@2.0.1-rc.20
[0m[32mInitialize[0m balanced-match@4.0.4
[0m[32mInitialize[0m ee-first@1.1.1
[0m[32mInitialize[0m wrappy@1.0.2
[0m[32mInitialize[0m call-bind-apply-helpers@1.0.2
[0m[32mInitialize[0m has-symbols@1.1.0
[0m[32mInitialize[0m bignumber.js@9.3.1
[0m[32mInitialize[0m function-bind@1.1.2
[0m[32mInitialize[0m dunder-proto@1.0.1
[0m[32mInitialize[0m forwarded@0.2.0
[0m[32mInitialize[0m es-define-property@1.0.1
[0m[32mInitialize[0m toidentifier@1.0.1
[0m[32mInitialize[0m color-name@1.1.4
[0m[32mInitialize[0m @babel/helpers@7.29.7
[0m[32mInitialize[0m mime-db@1.54.0
[0m[32mInitialize[0m agent-base@7.1.4
[0m[32mInitialize[0m inherits@2.0.4
[0m[32mInitialize[0m ipaddr.js@1.9.1
[0m[32mInitialize[0m setprototypeof@1.2.0
[0m[32mInitialize[0m date-fns-jalali@4.1.0-0
[0m[32mInitialize[0m dom-helpers@5.2.1
[0m[32mInitialize[0m safer-buffer@2.1.2
[0m[32mInitialize[0m @tailwindcss/oxide-linux-x64-gnu@4.3.3
[0m[32mInitialize[0m yallist@3.1.1
[0m[32mInitialize[0m p-limit@3.1.0
[0m[32mInitialize[0m gopd@1.2.0
[0m[32mInitialize[0m call-bound@1.0.4
[0m[32mInitialize[0m math-intrinsics@1.1.0
[0m[32mInitialize[0m es-errors@1.3.0
[0m[32mInitialize[0m escalade@3.2.0
[0m[32mInitialize[0m p-locate@5.0.0
[0m[32mInitialize[0m iconv-lite@0.7.3
[0m[32mInitialize[0m d3-path@3.1.0
[0m[32mInitialize[0m @rollup/rollup-linux-x64-musl@4.62.4
[0m[32mInitialize[0m get-intrinsic@1.3.0
[0m[32mInitialize[0m lodash@4.18.1
[0m[32mInitialize[0m @esbuild/linux-x64@0.27.7
[0m[32mInitialize[0m @jridgewell/sourcemap-codec@1.5.5
[0m[32mInitialize[0m date-fns@4.4.0
[0m[32mInitialize[0m @tailwindcss/oxide-linux-x64-musl@4.3.3
[0m[32mInitialize[0m get-nonce@1.0.1
[0m[32mInitialize[0m @rollup/rollup-linux-x64-gnu@4.62.4
[0m[32mInitialize[0m @oozcitak/dom@2.0.2
[0m[32mInitialize[0m oxc-parser@0.120.0
[0m[32mInitialize[0m lucide-react@0.575.0
[0m[32mInitialize[0m webidl-conversions@3.0.1
[0m[32mInitialize[0m lightningcss-linux-x64-musl@1.32.0
[0m[32mInitialize[0m caniuse-lite@1.0.30001809
[0m[32mInitialize[0m rou3@0.8.1
[0m[32mInitialize[0m object-inspect@1.13.4
[0m[32mInitialize[0m lightningcss-linux-x64-gnu@1.32.0
[0m[32mInitialize[0m is-promise@4.0.0
[0m[32mInitialize[0m @rolldown/binding-linux-x64-gnu@1.2.4
[0m[32mInitialize[0m @oxc-parser/binding-linux-x64-musl@0.120.0
[0m[32mInitialize[0m @rolldown/binding-linux-x64-musl@1.2.4
[0m[32mInitialize[0m @oxc-parser/binding-linux-x64-gnu@0.120.0
[0m[33m╭[0m [0m[1m[33mWarning[0m
[0m[33m│[0m
[0m[33m│[0m  The following packages are deprecated:
[0m[33m│[0m  [0m[38;5;245mnpm:tsconfck@3.1.6 (unmaintained)[0m
[0m[33m│[0m  [0m[38;5;245mnpm:recharts@2.15.4 (1.x and 2.x branches are no longer active. Bump to Recharts v3 to receive latest features and bugfixes. See https://github.com/recharts/recharts/wiki/3.0-migration-guide)[0m
[0m[33m│[0m  [0m[38;5;245mnpm:uuid@9.0.1 (uuid@10 and below is no longer supported.  For ESM codebases, update to uuid@latest.  For CommonJS codebases, use uuid@11 (but be aware this version will likely be deprecated in 2028).)[0m
[0m[33m╰─[0m
[0m[32mCheck[0m supabase/functions/generate-reply/index.ts
[0m[1mTS2353 [0m[ERROR]: Object literal may only specify known properties, and 'conversation_id' does not exist in type 'never[]'.
      conversation_id: params.conversation_id,
[0m[31m      ~~~~~~~~~~~~~~~[0m
    at [0m[36mfile:///home/runner/work/console-chat-hub/console-chat-hub/supabase/functions/generate-reply/index.ts[0m:[0m[33m134[0m:[0m[33m7[0m

[0m[1mTS2339 [0m[ERROR]: Property 'id' does not exist on type 'never'.
  if (!data?.id || typeof data.content !== "string" || !data.created_at) {
[0m[31m             ~~[0m
    at [0m[36mfile:///home/runner/work/console-chat-hub/console-chat-hub/supabase/functions/generate-reply/index.ts[0m:[0m[33m228[0m:[0m[33m14[0m

[0m[1mTS2339 [0m[ERROR]: Property 'content' does not exist on type 'never'.
  if (!data?.id || typeof data.content !== "string" || !data.created_at) {
[0m[31m                               ~~~~~~~[0m
    at [0m[36mfile:///home/runner/work/console-chat-hub/console-chat-hub/supabase/functions/generate-reply/index.ts[0m:[0m[33m228[0m:[0m[33m32[0m

[0m[1mTS2339 [0m[ERROR]: Property 'created_at' does not exist on type 'never'.
  if (!data?.id || typeof data.content !== "string" || !data.created_at) {
[0m[31m                                                             ~~~~~~~~~~[0m
    at [0m[36mfile:///home/runner/work/console-chat-hub/console-chat-hub/supabase/functions/generate-reply/index.ts[0m:[0m[33m228[0m:[0m[33m62[0m

[0m[1mTS2339 [0m[ERROR]: Property 'id' does not exist on type 'never'.
      id: data.id,
[0m[31m               ~~[0m
    at [0m[36mfile:///home/runner/work/console-chat-hub/console-chat-hub/supabase/functions/generate-reply/index.ts[0m:[0m[33m235[0m:[0m[33m16[0m

[0m[1mTS2339 [0m[ERROR]: Property 'content' does not exist on type 'never'.
      content: data.content,
[0m[31m                    ~~~~~~~[0m
    at [0m[36mfile:///home/runner/work/console-chat-hub/console-chat-hub/supabase/functions/generate-reply/index.ts[0m:[0m[33m236[0m:[0m[33m21[0m

[0m[1mTS2339 [0m[ERROR]: Property 'created_at' does not exist on type 'never'.
      created_at: data.created_at,
[0m[31m                       ~~~~~~~~~~[0m
    at [0m[36mfile:///home/runner/work/console-chat-hub/console-chat-hub/supabase/functions/generate-reply/index.ts[0m:[0m[33m237[0m:[0m[33m24[0m

[0m[1mTS2345 [0m[ERROR]: Argument of type '{ p_conversation_id: string; p_source_message_id: string; p_content: string; p_metadata: Record<string, unknown> | null; }' is not assignable to parameter of type 'undefined'.
  const { data, error } = await supabaseAdmin.rpc("commit_ai_reply_tx", {
[0m[31m                                                                        ^[0m
    at [0m[36mfile:///home/runner/work/console-chat-hub/console-chat-hub/supabase/functions/generate-reply/index.ts[0m:[0m[33m300[0m:[0m[33m73[0m

[0m[1mTS2339 [0m[ERROR]: Property 'result' does not exist on type 'never'.
  const result = String(payload.result ?? data ?? "unexpected_result");
[0m[31m                                ~~~~~~[0m
    at [0m[36mfile:///home/runner/work/console-chat-hub/console-chat-hub/supabase/functions/generate-reply/index.ts[0m:[0m[33m316[0m:[0m[33m33[0m

[0m[1mTS2339 [0m[ERROR]: Property 'message_id' does not exist on type 'never'.
        message_id: typeof payload.message_id === "string" ? payload.message_id : null,
[0m[31m                                   ~~~~~~~~~~[0m
    at [0m[36mfile:///home/runner/work/console-chat-hub/console-chat-hub/supabase/functions/generate-reply/index.ts[0m:[0m[33m322[0m:[0m[33m36[0m

[0m[1mTS2339 [0m[ERROR]: Property 'message_id' does not exist on type 'never'.
        message_id: typeof payload.message_id === "string" ? payload.message_id : null,
[0m[31m                                                                     ~~~~~~~~~~[0m
    at [0m[36mfile:///home/runner/work/console-chat-hub/console-chat-hub/supabase/functions/generate-reply/index.ts[0m:[0m[33m322[0m:[0m[33m70[0m

[0m[1mTS2339 [0m[ERROR]: Property 'message_id' does not exist on type 'never'.
        message_id: typeof payload.message_id === "string" ? payload.message_id : null,
[0m[31m                                   ~~~~~~~~~~[0m
    at [0m[36mfile:///home/runner/work/console-chat-hub/console-chat-hub/supabase/functions/generate-reply/index.ts[0m:[0m[33m328[0m:[0m[33m36[0m

[0m[1mTS2339 [0m[ERROR]: Property 'message_id' does not exist on type 'never'.
        message_id: typeof payload.message_id === "string" ? payload.message_id : null,
[0m[31m                                                                     ~~~~~~~~~~[0m
    at [0m[36mfile:///home/runner/work/console-chat-hub/console-chat-hub/supabase/functions/generate-reply/index.ts[0m:[0m[33m328[0m:[0m[33m70[0m

[0m[1mTS2339 [0m[ERROR]: Property 'last_success_source' does not exist on type 'never'.
    freshness.last_success_source !== "canonical" ||
[0m[31m              ~~~~~~~~~~~~~~~~~~~[0m
    at [0m[36mfile:///home/runner/work/console-chat-hub/console-chat-hub/supabase/functions/generate-reply/index.ts[0m:[0m[33m523[0m:[0m[33m15[0m

[0m[1mTS2339 [0m[ERROR]: Property 'last_success_evaluation_id' does not exist on type 'never'.
    !freshness.last_success_evaluation_id ||
[0m[31m               ~~~~~~~~~~~~~~~~~~~~~~~~~~[0m
    at [0m[36mfile:///home/runner/work/console-chat-hub/console-chat-hub/supabase/functions/generate-reply/index.ts[0m:[0m[33m524[0m:[0m[33m16[0m

[0m[1mTS2339 [0m[ERROR]: Property 'last_success_fingerprint' does not exist on type 'never'.
    !freshness.last_success_fingerprint
[0m[31m               ~~~~~~~~~~~~~~~~~~~~~~~~[0m
    at [0m[36mfile:///home/runner/work/console-chat-hub/console-chat-hub/supabase/functions/generate-reply/index.ts[0m:[0m[33m525[0m:[0m[33m16[0m

[0m[1mTS2339 [0m[ERROR]: Property 'last_success_evaluation_id' does not exist on type 'never'.
    .eq("id", freshness.last_success_evaluation_id)
[0m[31m                        ~~~~~~~~~~~~~~~~~~~~~~~~~~[0m
    at [0m[36mfile:///home/runner/work/console-chat-hub/console-chat-hub/supabase/functions/generate-reply/index.ts[0m:[0m[33m533[0m:[0m[33m25[0m

[0m[1mTS2339 [0m[ERROR]: Property 'last_success_fingerprint' does not exist on type 'never'.
    .eq("evaluation_fingerprint", freshness.last_success_fingerprint)
[0m[31m                                            ~~~~~~~~~~~~~~~~~~~~~~~~[0m
    at [0m[36mfile:///home/runner/work/console-chat-hub/console-chat-hub/supabase/functions/generate-reply/index.ts[0m:[0m[33m536[0m:[0m[33m45[0m

[0m[1mTS2339 [0m[ERROR]: Property 'id' does not exist on type 'never'.
    !evaluation?.id ||
[0m[31m                 ~~[0m
    at [0m[36mfile:///home/runner/work/console-chat-hub/console-chat-hub/supabase/functions/generate-reply/index.ts[0m:[0m[33m541[0m:[0m[33m18[0m

[0m[1mTS2339 [0m[ERROR]: Property 'id' does not exist on type 'never'.
    evaluation.id !== freshness.last_success_evaluation_id
[0m[31m               ~~[0m
    at [0m[36mfile:///home/runner/work/console-chat-hub/console-chat-hub/supabase/functions/generate-reply/index.ts[0m:[0m[33m542[0m:[0m[33m16[0m

[0m[1mTS2339 [0m[ERROR]: Property 'last_success_evaluation_id' does not exist on type 'never'.
    evaluation.id !== freshness.last_success_evaluation_id
[0m[31m                                ~~~~~~~~~~~~~~~~~~~~~~~~~~[0m
    at [0m[36mfile:///home/runner/work/console-chat-hub/console-chat-hub/supabase/functions/generate-reply/index.ts[0m:[0m[33m542[0m:[0m[33m33[0m

[0m[1mTS2339 [0m[ERROR]: Property 'id' does not exist on type 'never'.
    .eq("evaluation_id", evaluation.id)
[0m[31m                                    ~~[0m
    at [0m[36mfile:///home/runner/work/console-chat-hub/console-chat-hub/supabase/functions/generate-reply/index.ts[0m:[0m[33m550[0m:[0m[33m37[0m

[0m[1mTS2339 [0m[ERROR]: Property 'turn_index' does not exist on type 'never'.
    turn_index: typeof p.turn_index === "number" ? p.turn_index : -1,
[0m[31m                         ~~~~~~~~~~[0m
    at [0m[36mfile:///home/runner/work/console-chat-hub/console-chat-hub/supabase/functions/generate-reply/index.ts[0m:[0m[33m557[0m:[0m[33m26[0m

[0m[1mTS2339 [0m[ERROR]: Property 'turn_index' does not exist on type 'never'.
    turn_index: typeof p.turn_index === "number" ? p.turn_index : -1,
[0m[31m                                                     ~~~~~~~~~~[0m
    at [0m[36mfile:///home/runner/work/console-chat-hub/console-chat-hub/supabase/functions/generate-reply/index.ts[0m:[0m[33m557[0m:[0m[33m54[0m

[0m[1mTS2339 [0m[ERROR]: Property 'sentiment_score' does not exist on type 'never'.
    score: isFiniteScore(p.sentiment_score) ? Number(p.sentiment_score) : undefined,
[0m[31m                           ~~~~~~~~~~~~~~~[0m
    at [0m[36mfile:///home/runner/work/console-chat-hub/console-chat-hub/supabase/functions/generate-reply/index.ts[0m:[0m[33m558[0m:[0m[33m28[0m

[0m[1mTS2339 [0m[ERROR]: Property 'sentiment_score' does not exist on type 'never'.
    score: isFiniteScore(p.sentiment_score) ? Number(p.sentiment_score) : undefined,
[0m[31m                                                       ~~~~~~~~~~~~~~~[0m
    at [0m[36mfile:///home/runner/work/console-chat-hub/console-chat-hub/supabase/functions/generate-reply/index.ts[0m:[0m[33m558[0m:[0m[33m56[0m

[0m[1mTS2339 [0m[ERROR]: Property 'sentiment' does not exist on type 'never'.
    sentiment: p.sentiment,
[0m[31m                 ~~~~~~~~~[0m
    at [0m[36mfile:///home/runner/work/console-chat-hub/console-chat-hub/supabase/functions/generate-reply/index.ts[0m:[0m[33m559[0m:[0m[33m18[0m

[0m[1mTS2339 [0m[ERROR]: Property 'trigger_label' does not exist on type 'never'.
    trigger_label: p.trigger_label,
[0m[31m                     ~~~~~~~~~~~~~[0m
    at [0m[36mfile:///home/runner/work/console-chat-hub/console-chat-hub/supabase/functions/generate-reply/index.ts[0m:[0m[33m560[0m:[0m[33m22[0m

[0m[1mTS2339 [0m[ERROR]: Property 'id' does not exist on type 'never'.
    evaluation_id: evaluation.id,
[0m[31m                              ~~[0m
    at [0m[36mfile:///home/runner/work/console-chat-hub/console-chat-hub/supabase/functions/generate-reply/index.ts[0m:[0m[33m589[0m:[0m[33m31[0m

[0m[1mTS2339 [0m[ERROR]: Property 'evaluation_fingerprint' does not exist on type 'never'.
    provider_version: `ce-emotion-history-v1.0:${String(evaluation.evaluation_fingerprint).slice(0, 12)}`,
[0m[31m                                                                   ~~~~~~~~~~~~~~~~~~~~~~[0m
    at [0m[36mfile:///home/runner/work/console-chat-hub/console-chat-hub/supabase/functions/generate-reply/index.ts[0m:[0m[33m590[0m:[0m[33m68[0m

[0m[1mTS2345 [0m[ERROR]: Argument of type 'SupabaseClient<unknown, { PostgrestVersion: string; }, never, never, { PostgrestVersion: string; }>' is not assignable to parameter of type 'RequiredClarificationRpcClient'.
  Types of property 'rpc' are incompatible.
    Type '<FnName extends string, Args extends never[FnName]["Args"] = never, FilterBuilder extends GetRpcFunctionFilterBuilderByArgs<never, FnName, Args> = GetRpcFunctionFilterBuilderByArgs<never, FnName, Args>>(fn: FnName, args?: Args | undefined, options?: { ...; } | undefined) => PostgrestFilterBuilder<...>' is not assignable to type '(fn: string, args: Record<string, unknown>) => Promise<{ data: Record<string, unknown> | null; error: { message?: string | undefined; } | null; }>'.
      Types of parameters 'args' and 'args' are incompatible.
        Type 'Record<string, unknown>' is not assignable to type 'undefined'.
    const persisted = await persistRequiredEscalationClarification(supabaseAdmin, {
[0m[31m                                                                   ~~~~~~~~~~~~~[0m
    at [0m[36mfile:///home/runner/work/console-chat-hub/console-chat-hub/supabase/functions/generate-reply/index.ts[0m:[0m[33m1033[0m:[0m[33m68[0m

[0m[1mTS2345 [0m[ERROR]: Argument of type 'SupabaseClient<unknown, { PostgrestVersion: string; }, never, never, { PostgrestVersion: string; }>' is not assignable to parameter of type 'RequiredHandoffRpcClient'.
  Types of property 'rpc' are incompatible.
    Type '<FnName extends string, Args extends never[FnName]["Args"] = never, FilterBuilder extends GetRpcFunctionFilterBuilderByArgs<never, FnName, Args> = GetRpcFunctionFilterBuilderByArgs<never, FnName, Args>>(fn: FnName, args?: Args | undefined, options?: { ...; } | undefined) => PostgrestFilterBuilder<...>' is not assignable to type '(fn: "required_escalation_handoff_tx", args: { p_conversation_id: string; p_source_message_id: string; p_escalation_rule: RequiredLiveRule; p_priority: "high" | "normal" | "urgent"; p_safe_reply_content: string; p_reason_code: string; }) => Promise<...>'.
      Types of parameters 'args' and 'args' are incompatible.
        Type '{ p_conversation_id: string; p_source_message_id: string; p_escalation_rule: RequiredLiveRule; p_priority: "high" | "normal" | "urgent"; p_safe_reply_content: string; p_reason_code: string; }' is not assignable to type 'undefined'.
  const persisted = await persistRequiredEscalationHandoff(supabaseAdmin, {
[0m[31m                                                           ~~~~~~~~~~~~~[0m
    at [0m[36mfile:///home/runner/work/console-chat-hub/console-chat-hub/supabase/functions/generate-reply/index.ts[0m:[0m[33m1120[0m:[0m[33m60[0m

[0m[1mTS2345 [0m[ERROR]: Argument of type 'SupabaseClient<any, "public", "public", any, any>' is not assignable to parameter of type 'SupabaseClient<unknown, { PostgrestVersion: string; }, never, never, { PostgrestVersion: string; }>'.
  Types of property 'rest' are incompatible.
    Type 'PostgrestClient<any, any, "public", any>' is not assignable to type 'PostgrestClient<unknown, { PostgrestVersion: string; }, never, never>'.
      Type '"public"' is not assignable to type 'never'.
    supabaseAdmin,
[0m[31m    ~~~~~~~~~~~~~[0m
    at [0m[36mfile:///home/runner/work/console-chat-hub/console-chat-hub/supabase/functions/generate-reply/index.ts[0m:[0m[33m1250[0m:[0m[33m5[0m

[0m[1mTS2345 [0m[ERROR]: Argument of type 'SupabaseClient<any, "public", "public", any, any>' is not assignable to parameter of type 'SupabaseClient<unknown, { PostgrestVersion: string; }, never, never, { PostgrestVersion: string; }>'.
  Types of property 'rest' are incompatible.
    Type 'PostgrestClient<any, any, "public", any>' is not assignable to type 'PostgrestClient<unknown, { PostgrestVersion: string; }, never, never>'.
      Type '"public"' is not assignable to type 'never'.
      await cleanupThinking(supabaseAdmin, conversation_id, source_message_id);
[0m[31m                            ~~~~~~~~~~~~~[0m
    at [0m[36mfile:///home/runner/work/console-chat-hub/console-chat-hub/supabase/functions/generate-reply/index.ts[0m:[0m[33m1279[0m:[0m[33m29[0m

[0m[1mTS2345 [0m[ERROR]: Argument of type 'SupabaseClient<any, "public", "public", any, any>' is not assignable to parameter of type 'SupabaseClient<unknown, { PostgrestVersion: string; }, never, never, { PostgrestVersion: string; }>'.
  Types of property 'rest' are incompatible.
    Type 'PostgrestClient<any, any, "public", any>' is not assignable to type 'PostgrestClient<unknown, { PostgrestVersion: string; }, never, never>'.
      Type '"public"' is not assignable to type 'never'.
        await cleanupThinking(supabaseAdmin, conversation_id, source_message_id);
[0m[31m                              ~~~~~~~~~~~~~[0m
    at [0m[36mfile:///home/runner/work/console-chat-hub/console-chat-hub/supabase/functions/generate-reply/index.ts[0m:[0m[33m1305[0m:[0m[33m31[0m

[0m[1mTS2345 [0m[ERROR]: Argument of type 'SupabaseClient<any, "public", "public", any, any>' is not assignable to parameter of type 'SupabaseClient<unknown, { PostgrestVersion: string; }, never, never, { PostgrestVersion: string; }>'.
  Types of property 'rest' are incompatible.
    Type 'PostgrestClient<any, any, "public", any>' is not assignable to type 'PostgrestClient<unknown, { PostgrestVersion: string; }, never, never>'.
      Type '"public"' is not assignable to type 'never'.
        await cleanupThinking(supabaseAdmin, conversation_id, source_message_id);
[0m[31m                              ~~~~~~~~~~~~~[0m
    at [0m[36mfile:///home/runner/work/console-chat-hub/console-chat-hub/supabase/functions/generate-reply/index.ts[0m:[0m[33m1308[0m:[0m[33m31[0m

[0m[1mTS2345 [0m[ERROR]: Argument of type 'SupabaseClient<any, "public", "public", any, any>' is not assignable to parameter of type 'SupabaseClient<unknown, { PostgrestVersion: string; }, never, never, { PostgrestVersion: string; }>'.
  Types of property 'rest' are incompatible.
    Type 'PostgrestClient<any, any, "public", any>' is not assignable to type 'PostgrestClient<unknown, { PostgrestVersion: string; }, never, never>'.
      Type '"public"' is not assignable to type 'never'.
        await cleanupThinking(supabaseAdmin, conversation_id, source_message_id);
[0m[31m                              ~~~~~~~~~~~~~[0m
    at [0m[36mfile:///home/runner/work/console-chat-hub/console-chat-hub/supabase/functions/generate-reply/index.ts[0m:[0m[33m1311[0m:[0m[33m31[0m

[0m[1mTS2345 [0m[ERROR]: Argument of type 'SupabaseClient<any, "public", "public", any, any>' is not assignable to parameter of type 'SupabaseClient<unknown, { PostgrestVersion: string; }, never, never, { PostgrestVersion: string; }>'.
  Types of property 'rest' are incompatible.
    Type 'PostgrestClient<any, any, "public", any>' is not assignable to type 'PostgrestClient<unknown, { PostgrestVersion: string; }, never, never>'.
      Type '"public"' is not assignable to type 'never'.
        await cleanupThinking(supabaseAdmin, conversation_id, source_message_id);
[0m[31m                              ~~~~~~~~~~~~~[0m
    at [0m[36mfile:///home/runner/work/console-chat-hub/console-chat-hub/supabase/functions/generate-reply/index.ts[0m:[0m[33m1314[0m:[0m[33m31[0m

[0m[1mTS2345 [0m[ERROR]: Argument of type 'SupabaseClient<any, "public", "public", any, any>' is not assignable to parameter of type 'SupabaseClient<unknown, { PostgrestVersion: string; }, never, never, { PostgrestVersion: string; }>'.
  Types of property 'rest' are incompatible.
    Type 'PostgrestClient<any, any, "public", any>' is not assignable to type 'PostgrestClient<unknown, { PostgrestVersion: string; }, never, never>'.
      Type '"public"' is not assignable to type 'never'.
        await cleanupThinking(supabaseAdmin, conversation_id, source_message_id);
[0m[31m                              ~~~~~~~~~~~~~[0m
    at [0m[36mfile:///home/runner/work/console-chat-hub/console-chat-hub/supabase/functions/generate-reply/index.ts[0m:[0m[33m1317[0m:[0m[33m31[0m

[0m[1mTS2345 [0m[ERROR]: Argument of type 'SupabaseClient<any, "public", "public", any, any>' is not assignable to parameter of type 'SupabaseClient<unknown, { PostgrestVersion: string; }, never, never, { PostgrestVersion: string; }>'.
  Types of property 'rest' are incompatible.
    Type 'PostgrestClient<any, any, "public", any>' is not assignable to type 'PostgrestClient<unknown, { PostgrestVersion: string; }, never, never>'.
      Type '"public"' is not assignable to type 'never'.
        await cleanupThinking(supabaseAdmin, conversation_id, source_message_id);
[0m[31m                              ~~~~~~~~~~~~~[0m
    at [0m[36mfile:///home/runner/work/console-chat-hub/console-chat-hub/supabase/functions/generate-reply/index.ts[0m:[0m[33m1320[0m:[0m[33m31[0m

[0m[1mTS2345 [0m[ERROR]: Argument of type '{ role: string; content: any; }[]' is not assignable to parameter of type '{ role: "user" | "assistant"; content: string; }[]'.
  Type '{ role: string; content: any; }' is not assignable to type '{ role: "user" | "assistant"; content: string; }'.
    Types of property 'role' are incompatible.
      Type 'string' is not assignable to type '"user" | "assistant"'.
    user: buildRouterConversationInput(modelMessages),
[0m[31m                                       ~~~~~~~~~~~~~[0m
    at [0m[36mfile:///home/runner/work/console-chat-hub/console-chat-hub/supabase/functions/generate-reply/index.ts[0m:[0m[33m1339[0m:[0m[33m40[0m

[0m[1mTS2345 [0m[ERROR]: Argument of type 'SupabaseClient<any, "public", "public", any, any>' is not assignable to parameter of type 'SupabaseClient<unknown, { PostgrestVersion: string; }, never, never, { PostgrestVersion: string; }>'.
  Types of property 'rest' are incompatible.
    Type 'PostgrestClient<any, any, "public", any>' is not assignable to type 'PostgrestClient<unknown, { PostgrestVersion: string; }, never, never>'.
      Type '"public"' is not assignable to type 'never'.
    await cleanupThinking(supabaseAdmin, conversation_id, source_message_id);
[0m[31m                          ~~~~~~~~~~~~~[0m
    at [0m[36mfile:///home/runner/work/console-chat-hub/console-chat-hub/supabase/functions/generate-reply/index.ts[0m:[0m[33m1352[0m:[0m[33m27[0m

[0m[1mTS2345 [0m[ERROR]: Argument of type 'SupabaseClient<any, "public", "public", any, any>' is not assignable to parameter of type 'SupabaseClient<unknown, { PostgrestVersion: string; }, never, never, { PostgrestVersion: string; }>'.
  Types of property 'rest' are incompatible.
    Type 'PostgrestClient<any, any, "public", any>' is not assignable to type 'PostgrestClient<unknown, { PostgrestVersion: string; }, never, never>'.
      Type '"public"' is not assignable to type 'never'.
    await writeTraces(supabaseAdmin, {
[0m[31m                      ~~~~~~~~~~~~~[0m
    at [0m[36mfile:///home/runner/work/console-chat-hub/console-chat-hub/supabase/functions/generate-reply/index.ts[0m:[0m[33m1353[0m:[0m[33m23[0m

[0m[1mTS2345 [0m[ERROR]: Argument of type 'SupabaseClient<any, "public", "public", any, any>' is not assignable to parameter of type 'SupabaseClient<unknown, { PostgrestVersion: string; }, never, never, { PostgrestVersion: string; }>'.
  Types of property 'rest' are incompatible.
    Type 'PostgrestClient<any, any, "public", any>' is not assignable to type 'PostgrestClient<unknown, { PostgrestVersion: string; }, never, never>'.
      Type '"public"' is not assignable to type 'never'.
    supabaseAdmin,
[0m[31m    ~~~~~~~~~~~~~[0m
    at [0m[36mfile:///home/runner/work/console-chat-hub/console-chat-hub/supabase/functions/generate-reply/index.ts[0m:[0m[33m1371[0m:[0m[33m5[0m

[0m[1mTS2345 [0m[ERROR]: Argument of type 'SupabaseClient<any, "public", "public", any, any>' is not assignable to parameter of type 'SupabaseClient<unknown, { PostgrestVersion: string; }, never, never, { PostgrestVersion: string; }>'.
  Types of property 'rest' are incompatible.
    Type 'PostgrestClient<any, any, "public", any>' is not assignable to type 'PostgrestClient<unknown, { PostgrestVersion: string; }, never, never>'.
      Type '"public"' is not assignable to type 'never'.
    await cleanupThinking(supabaseAdmin, conversation_id, source_message_id);
[0m[31m                          ~~~~~~~~~~~~~[0m
    at [0m[36mfile:///home/runner/work/console-chat-hub/console-chat-hub/supabase/functions/generate-reply/index.ts[0m:[0m[33m1378[0m:[0m[33m27[0m

[0m[1mTS2345 [0m[ERROR]: Argument of type 'SupabaseClient<any, "public", "public", any, any>' is not assignable to parameter of type 'SupabaseClient<unknown, { PostgrestVersion: string; }, never, never, { PostgrestVersion: string; }>'.
  Types of property 'rest' are incompatible.
    Type 'PostgrestClient<any, any, "public", any>' is not assignable to type 'PostgrestClient<unknown, { PostgrestVersion: string; }, never, never>'.
      Type '"public"' is not assignable to type 'never'.
  await writeTraces(supabaseAdmin, {
[0m[31m                    ~~~~~~~~~~~~~[0m
    at [0m[36mfile:///home/runner/work/console-chat-hub/console-chat-hub/supabase/functions/generate-reply/index.ts[0m:[0m[33m1393[0m:[0m[33m21[0m

[0m[1mTS2345 [0m[ERROR]: Argument of type '{ p_conversation_id: string; p_safe_reply_content: string; p_branch_tag: string; p_source_message_id: string; }' is not assignable to parameter of type 'undefined'.
    at [0m[36mfile:///home/runner/work/console-chat-hub/console-chat-hub/supabase/functions/generate-reply/index.ts[0m:[0m[33m1585[0m:[0m[33m94[0m

[0m[1mTS2339 [0m[ERROR]: Property 'result' does not exist on type 'never'.
  const result: string = rpcData?.result ?? "unknown";
[0m[31m                                  ~~~~~~[0m
    at [0m[36mfile:///home/runner/work/console-chat-hub/console-chat-hub/supabase/functions/generate-reply/index.ts[0m:[0m[33m1587[0m:[0m[33m35[0m

[0m[1mTS2339 [0m[ERROR]: Property 'existing_branch' does not exist on type 'never'.
    at [0m[36mfile:///home/runner/work/console-chat-hub/console-chat-hub/supabase/functions/generate-reply/index.ts[0m:[0m[33m1590[0m:[0m[33m279[0m

[0m[1mTS2339 [0m[ERROR]: Property 'requested_branch' does not exist on type 'never'.
    at [0m[36mfile:///home/runner/work/console-chat-hub/console-chat-hub/supabase/functions/generate-reply/index.ts[0m:[0m[33m1590[0m:[0m[33m323[0m

[0m[1mTS2345 [0m[ERROR]: Argument of type '{ p_conversation_id: string; p_safe_reply_content: string; p_source_message_id: string; p_failure_type: string; }' is not assignable to parameter of type 'undefined'.
    at [0m[36mfile:///home/runner/work/console-chat-hub/console-chat-hub/supabase/functions/generate-reply/index.ts[0m:[0m[33m1614[0m:[0m[33m85[0m

[0m[1mTS2339 [0m[ERROR]: Property 'result' does not exist on type 'never'.
  const _s0Result: string = rpcData?.result ?? "unknown";
[0m[31m                                     ~~~~~~[0m
    at [0m[36mfile:///home/runner/work/console-chat-hub/console-chat-hub/supabase/functions/generate-reply/index.ts[0m:[0m[33m1617[0m:[0m[33m38[0m

[0m[1mTS2345 [0m[ERROR]: Argument of type '{ p_conversation_id: string; p_safe_reply_content: string; p_source_message_id: string; }' is not assignable to parameter of type 'undefined'.
  const { data, error } = await supabaseAdmin.rpc("explicit_handoff_tx", {
[0m[31m                                                                         ^[0m
    at [0m[36mfile:///home/runner/work/console-chat-hub/console-chat-hub/supabase/functions/generate-reply/index.ts[0m:[0m[33m1643[0m:[0m[33m74[0m

[0m[1mTS2339 [0m[ERROR]: Property 'result' does not exist on type 'never'.
  const result: string = data?.result ?? "unknown";
[0m[31m                               ~~~~~~[0m
    at [0m[36mfile:///home/runner/work/console-chat-hub/console-chat-hub/supabase/functions/generate-reply/index.ts[0m:[0m[33m1652[0m:[0m[33m32[0m

[0m[1mTS2345 [0m[ERROR]: Argument of type 'SupabaseClient<any, "public", "public", any, any>' is not assignable to parameter of type 'SupabaseClient<unknown, { PostgrestVersion: string; }, never, never, { PostgrestVersion: string; }>'.
  Types of property 'rest' are incompatible.
    Type 'PostgrestClient<any, any, "public", any>' is not assignable to type 'PostgrestClient<unknown, { PostgrestVersion: string; }, never, never>'.
      Type '"public"' is not assignable to type 'never'.
    await cleanupThinking(supabaseAdmin, conversation_id, source_message_id);
[0m[31m                          ~~~~~~~~~~~~~[0m
    at [0m[36mfile:///home/runner/work/console-chat-hub/console-chat-hub/supabase/functions/generate-reply/index.ts[0m:[0m[33m1678[0m:[0m[33m27[0m

[0m[1mTS2345 [0m[ERROR]: Argument of type 'SupabaseClient<any, "public", "public", any, any>' is not assignable to parameter of type 'SupabaseClient<unknown, { PostgrestVersion: string; }, never, never, { PostgrestVersion: string; }>'.
  Types of property 'rest' are incompatible.
    Type 'PostgrestClient<any, any, "public", any>' is not assignable to type 'PostgrestClient<unknown, { PostgrestVersion: string; }, never, never>'.
      Type '"public"' is not assignable to type 'never'.
    await cleanupThinking(supabaseAdmin, conversation_id, source_message_id);
[0m[31m                          ~~~~~~~~~~~~~[0m
    at [0m[36mfile:///home/runner/work/console-chat-hub/console-chat-hub/supabase/functions/generate-reply/index.ts[0m:[0m[33m1683[0m:[0m[33m27[0m

[0m[1mTS2345 [0m[ERROR]: Argument of type 'SupabaseClient<any, "public", "public", any, any>' is not assignable to parameter of type 'SupabaseClient<unknown, { PostgrestVersion: string; }, never, never, { PostgrestVersion: string; }>'.
  Types of property 'rest' are incompatible.
    Type 'PostgrestClient<any, any, "public", any>' is not assignable to type 'PostgrestClient<unknown, { PostgrestVersion: string; }, never, never>'.
      Type '"public"' is not assignable to type 'never'.
    await cleanupThinking(supabaseAdmin, conversation_id, source_message_id);
[0m[31m                          ~~~~~~~~~~~~~[0m
    at [0m[36mfile:///home/runner/work/console-chat-hub/console-chat-hub/supabase/functions/generate-reply/index.ts[0m:[0m[33m1688[0m:[0m[33m27[0m

[0m[1mTS2345 [0m[ERROR]: Argument of type 'SupabaseClient<any, "public", "public", any, any>' is not assignable to parameter of type 'SupabaseClient<unknown, { PostgrestVersion: string; }, never, never, { PostgrestVersion: string; }>'.
  Types of property 'rest' are incompatible.
    Type 'PostgrestClient<any, any, "public", any>' is not assignable to type 'PostgrestClient<unknown, { PostgrestVersion: string; }, never, never>'.
      Type '"public"' is not assignable to type 'never'.
    supabaseAdmin,
[0m[31m    ~~~~~~~~~~~~~[0m
    at [0m[36mfile:///home/runner/work/console-chat-hub/console-chat-hub/supabase/functions/generate-reply/index.ts[0m:[0m[33m1693[0m:[0m[33m5[0m

[0m[1mTS2345 [0m[ERROR]: Argument of type 'SupabaseClient<any, "public", "public", any, any>' is not assignable to parameter of type 'SupabaseClient<unknown, { PostgrestVersion: string; }, never, never, { PostgrestVersion: string; }>'.
  Types of property 'rest' are incompatible.
    Type 'PostgrestClient<any, any, "public", any>' is not assignable to type 'PostgrestClient<unknown, { PostgrestVersion: string; }, never, never>'.
      Type '"public"' is not assignable to type 'never'.
    await cleanupThinking(supabaseAdmin, conversation_id, source_message_id);
[0m[31m                          ~~~~~~~~~~~~~[0m
    at [0m[36mfile:///home/runner/work/console-chat-hub/console-chat-hub/supabase/functions/generate-reply/index.ts[0m:[0m[33m1698[0m:[0m[33m27[0m

[0m[1mTS2345 [0m[ERROR]: Argument of type 'SupabaseClient<any, "public", "public", any, any>' is not assignable to parameter of type 'SupabaseClient<unknown, { PostgrestVersion: string; }, never, never, { PostgrestVersion: string; }>'.
  Types of property 'rest' are incompatible.
    Type 'PostgrestClient<any, any, "public", any>' is not assignable to type 'PostgrestClient<unknown, { PostgrestVersion: string; }, never, never>'.
      Type '"public"' is not assignable to type 'never'.
      supabaseAdmin,
[0m[31m      ~~~~~~~~~~~~~[0m
    at [0m[36mfile:///home/runner/work/console-chat-hub/console-chat-hub/supabase/functions/generate-reply/index.ts[0m:[0m[33m1740[0m:[0m[33m7[0m

[0m[1mTS2345 [0m[ERROR]: Argument of type 'SupabaseClient<any, "public", "public", any, any>' is not assignable to parameter of type 'SupabaseClient<unknown, { PostgrestVersion: string; }, never, never, { PostgrestVersion: string; }>'.
  Types of property 'rest' are incompatible.
    Type 'PostgrestClient<any, any, "public", any>' is not assignable to type 'PostgrestClient<unknown, { PostgrestVersion: string; }, never, never>'.
      Type '"public"' is not assignable to type 'never'.
    await cleanupThinking(supabaseAdmin, conversation_id, source_message_id);
[0m[31m                          ~~~~~~~~~~~~~[0m
    at [0m[36mfile:///home/runner/work/console-chat-hub/console-chat-hub/supabase/functions/generate-reply/index.ts[0m:[0m[33m1751[0m:[0m[33m27[0m

[0m[1mTS2345 [0m[ERROR]: Argument of type 'SupabaseClient<any, "public", "public", any, any>' is not assignable to parameter of type 'SupabaseClient<unknown, { PostgrestVersion: string; }, never, never, { PostgrestVersion: string; }>'.
  Types of property 'rest' are incompatible.
    Type 'PostgrestClient<any, any, "public", any>' is not assignable to type 'PostgrestClient<unknown, { PostgrestVersion: string; }, never, never>'.
      Type '"public"' is not assignable to type 'never'.
    supabaseAdmin,
[0m[31m    ~~~~~~~~~~~~~[0m
    at [0m[36mfile:///home/runner/work/console-chat-hub/console-chat-hub/supabase/functions/generate-reply/index.ts[0m:[0m[33m1782[0m:[0m[33m5[0m

[0m[1mTS2345 [0m[ERROR]: Argument of type 'SupabaseClient<any, "public", "public", any, any>' is not assignable to parameter of type 'SupabaseClient<unknown, { PostgrestVersion: string; }, never, never, { PostgrestVersion: string; }>'.
  Types of property 'rest' are incompatible.
    Type 'PostgrestClient<any, any, "public", any>' is not assignable to type 'PostgrestClient<unknown, { PostgrestVersion: string; }, never, never>'.
      Type '"public"' is not assignable to type 'never'.
    const _pr5E2PreflightResponse = await evaluateAndPersistRequiredRulesLive(supabaseAdmin, {
[0m[31m                                                                              ~~~~~~~~~~~~~[0m
    at [0m[36mfile:///home/runner/work/console-chat-hub/console-chat-hub/supabase/functions/generate-reply/index.ts[0m:[0m[33m1834[0m:[0m[33m79[0m

[0m[1mTS2345 [0m[ERROR]: Argument of type 'SupabaseClient<any, "public", "public", any, any>' is not assignable to parameter of type 'SupabaseClient<unknown, { PostgrestVersion: string; }, never, never, { PostgrestVersion: string; }>'.
  Types of property 'rest' are incompatible.
    Type 'PostgrestClient<any, any, "public", any>' is not assignable to type 'PostgrestClient<unknown, { PostgrestVersion: string; }, never, never>'.
      Type '"public"' is not assignable to type 'never'.
      supabaseAdmin, conversation_id, source_message_id, _h1LastMsg,
[0m[31m      ~~~~~~~~~~~~~[0m
    at [0m[36mfile:///home/runner/work/console-chat-hub/console-chat-hub/supabase/functions/generate-reply/index.ts[0m:[0m[33m1861[0m:[0m[33m7[0m

[0m[1mTS2345 [0m[ERROR]: Argument of type 'SupabaseClient<any, "public", "public", any, any>' is not assignable to parameter of type 'SupabaseClient<unknown, { PostgrestVersion: string; }, never, never, { PostgrestVersion: string; }>'.
  Types of property 'rest' are incompatible.
    Type 'PostgrestClient<any, any, "public", any>' is not assignable to type 'PostgrestClient<unknown, { PostgrestVersion: string; }, never, never>'.
      Type '"public"' is not assignable to type 'never'.
    at [0m[36mfile:///home/runner/work/console-chat-hub/console-chat-hub/supabase/functions/generate-reply/index.ts[0m:[0m[33m1868[0m:[0m[33m58[0m

[0m[1mTS2345 [0m[ERROR]: Argument of type 'SupabaseClient<any, "public", "public", any, any>' is not assignable to parameter of type 'SupabaseClient<unknown, { PostgrestVersion: string; }, never, never, { PostgrestVersion: string; }>'.
  Types of property 'rest' are incompatible.
    Type 'PostgrestClient<any, any, "public", any>' is not assignable to type 'PostgrestClient<unknown, { PostgrestVersion: string; }, never, never>'.
      Type '"public"' is not assignable to type 'never'.
    await cleanupThinking(supabaseAdmin, conversation_id, source_message_id);
[0m[31m                          ~~~~~~~~~~~~~[0m
    at [0m[36mfile:///home/runner/work/console-chat-hub/console-chat-hub/supabase/functions/generate-reply/index.ts[0m:[0m[33m1869[0m:[0m[33m27[0m

[0m[1mTS2345 [0m[ERROR]: Argument of type 'SupabaseClient<any, "public", "public", any, any>' is not assignable to parameter of type 'SupabaseClient<unknown, { PostgrestVersion: string; }, never, never, { PostgrestVersion: string; }>'.
  Types of property 'rest' are incompatible.
    Type 'PostgrestClient<any, any, "public", any>' is not assignable to type 'PostgrestClient<unknown, { PostgrestVersion: string; }, never, never>'.
      Type '"public"' is not assignable to type 'never'.
        supabaseAdmin,
[0m[31m        ~~~~~~~~~~~~~[0m
    at [0m[36mfile:///home/runner/work/console-chat-hub/console-chat-hub/supabase/functions/generate-reply/index.ts[0m:[0m[33m1900[0m:[0m[33m9[0m

[0m[1mTS2345 [0m[ERROR]: Argument of type 'SupabaseClient<any, "public", "public", any, any>' is not assignable to parameter of type 'SupabaseClient<unknown, { PostgrestVersion: string; }, never, never, { PostgrestVersion: string; }>'.
  Types of property 'rest' are incompatible.
    Type 'PostgrestClient<any, any, "public", any>' is not assignable to type 'PostgrestClient<unknown, { PostgrestVersion: string; }, never, never>'.
      Type '"public"' is not assignable to type 'never'.
        const r1Response = await persistExplicitR1IfRequested(supabaseAdmin, conversation_id, source_message_id, _h1LastMsg);
[0m[31m                                                              ~~~~~~~~~~~~~[0m
    at [0m[36mfile:///home/runner/work/console-chat-hub/console-chat-hub/supabase/functions/generate-reply/index.ts[0m:[0m[33m2012[0m:[0m[33m63[0m

[0m[1mTS2345 [0m[ERROR]: Argument of type 'SupabaseClient<any, "public", "public", any, any>' is not assignable to parameter of type 'SupabaseClient<unknown, { PostgrestVersion: string; }, never, never, { PostgrestVersion: string; }>'.
  Types of property 'rest' are incompatible.
    Type 'PostgrestClient<any, any, "public", any>' is not assignable to type 'PostgrestClient<unknown, { PostgrestVersion: string; }, never, never>'.
      Type '"public"' is not assignable to type 'never'.
      if (_escEnableS0) return await handleS0Handoff(supabaseAdmin, conversation_id, source_message_id, "KB_SCOPE_GATE", _visitorLang);
[0m[31m                                                     ~~~~~~~~~~~~~[0m
    at [0m[36mfile:///home/runner/work/console-chat-hub/console-chat-hub/supabase/functions/generate-reply/index.ts[0m:[0m[33m2015[0m:[0m[33m54[0m

[0m[1mTS2345 [0m[ERROR]: Argument of type 'SupabaseClient<any, "public", "public", any, any>' is not assignable to parameter of type 'SupabaseClient<unknown, { PostgrestVersion: string; }, never, never, { PostgrestVersion: string; }>'.
  Types of property 'rest' are incompatible.
    Type 'PostgrestClient<any, any, "public", any>' is not assignable to type 'PostgrestClient<unknown, { PostgrestVersion: string; }, never, never>'.
      Type '"public"' is not assignable to type 'never'.
    at [0m[36mfile:///home/runner/work/console-chat-hub/console-chat-hub/supabase/functions/generate-reply/index.ts[0m:[0m[33m2016[0m:[0m[33m37[0m

[0m[1mTS2345 [0m[ERROR]: Argument of type 'SupabaseClient<any, "public", "public", any, any>' is not assignable to parameter of type 'SupabaseClient<unknown, { PostgrestVersion: string; }, never, never, { PostgrestVersion: string; }>'.
  Types of property 'rest' are incompatible.
    Type 'PostgrestClient<any, any, "public", any>' is not assignable to type 'PostgrestClient<unknown, { PostgrestVersion: string; }, never, never>'.
      Type '"public"' is not assignable to type 'never'.
        const r1Response = await persistExplicitR1IfRequested(supabaseAdmin, conversation_id, source_message_id, _h1LastMsg);
[0m[31m                                                              ~~~~~~~~~~~~~[0m
    at [0m[36mfile:///home/runner/work/console-chat-hub/console-chat-hub/supabase/functions/generate-reply/index.ts[0m:[0m[33m2023[0m:[0m[33m63[0m

[0m[1mTS2345 [0m[ERROR]: Argument of type 'SupabaseClient<any, "public", "public", any, any>' is not assignable to parameter of type 'SupabaseClient<unknown, { PostgrestVersion: string; }, never, never, { PostgrestVersion: string; }>'.
  Types of property 'rest' are incompatible.
    Type 'PostgrestClient<any, any, "public", any>' is not assignable to type 'PostgrestClient<unknown, { PostgrestVersion: string; }, never, never>'.
      Type '"public"' is not assignable to type 'never'.
      if (_escEnableS0) return await handleS0Handoff(supabaseAdmin, conversation_id, source_message_id, "KB_API_FAIL", _visitorLang);
[0m[31m                                                     ~~~~~~~~~~~~~[0m
    at [0m[36mfile:///home/runner/work/console-chat-hub/console-chat-hub/supabase/functions/generate-reply/index.ts[0m:[0m[33m2026[0m:[0m[33m54[0m

[0m[1mTS2345 [0m[ERROR]: Argument of type 'SupabaseClient<any, "public", "public", any, any>' is not assignable to parameter of type 'SupabaseClient<unknown, { PostgrestVersion: string; }, never, never, { PostgrestVersion: string; }>'.
  Types of property 'rest' are incompatible.
    Type 'PostgrestClient<any, any, "public", any>' is not assignable to type 'PostgrestClient<unknown, { PostgrestVersion: string; }, never, never>'.
      Type '"public"' is not assignable to type 'never'.
      return await handleKBFallback(supabaseAdmin, conversation_id, "KB_API_FAIL", source_message_id, { rag_api_status: "failure" }, _visitorLang);
[0m[31m                                    ~~~~~~~~~~~~~[0m
    at [0m[36mfile:///home/runner/work/console-chat-hub/console-chat-hub/supabase/functions/generate-reply/index.ts[0m:[0m[33m2027[0m:[0m[33m37[0m

[0m[1mTS2345 [0m[ERROR]: Argument of type 'SupabaseClient<any, "public", "public", any, any>' is not assignable to parameter of type 'SupabaseClient<unknown, { PostgrestVersion: string; }, never, never, { PostgrestVersion: string; }>'.
  Types of property 'rest' are incompatible.
    Type 'PostgrestClient<any, any, "public", any>' is not assignable to type 'PostgrestClient<unknown, { PostgrestVersion: string; }, never, never>'.
      Type '"public"' is not assignable to type 'never'.
      const requiredResponse = await evaluateAndPersistRequiredRulesLive(supabaseAdmin, {
[0m[31m                                                                         ~~~~~~~~~~~~~[0m
    at [0m[36mfile:///home/runner/work/console-chat-hub/console-chat-hub/supabase/functions/generate-reply/index.ts[0m:[0m[33m2031[0m:[0m[33m74[0m

[0m[1mTS2345 [0m[ERROR]: Argument of type 'SupabaseClient<any, "public", "public", any, any>' is not assignable to parameter of type 'SupabaseClient<unknown, { PostgrestVersion: string; }, never, never, { PostgrestVersion: string; }>'.
  Types of property 'rest' are incompatible.
    Type 'PostgrestClient<any, any, "public", any>' is not assignable to type 'PostgrestClient<unknown, { PostgrestVersion: string; }, never, never>'.
      Type '"public"' is not assignable to type 'never'.
        const r1Response = await persistExplicitR1IfRequested(supabaseAdmin, conversation_id, source_message_id, _h1LastMsg);
[0m[31m                                                              ~~~~~~~~~~~~~[0m
    at [0m[36mfile:///home/runner/work/console-chat-hub/console-chat-hub/supabase/functions/generate-reply/index.ts[0m:[0m[33m2053[0m:[0m[33m63[0m

[0m[1mTS2345 [0m[ERROR]: Argument of type 'SupabaseClient<any, "public", "public", any, any>' is not assignable to parameter of type 'SupabaseClient<unknown, { PostgrestVersion: string; }, never, never, { PostgrestVersion: string; }>'.
  Types of property 'rest' are incompatible.
    Type 'PostgrestClient<any, any, "public", any>' is not assignable to type 'PostgrestClient<unknown, { PostgrestVersion: string; }, never, never>'.
      Type '"public"' is not assignable to type 'never'.
        supabaseAdmin,
[0m[31m        ~~~~~~~~~~~~~[0m
    at [0m[36mfile:///home/runner/work/console-chat-hub/console-chat-hub/supabase/functions/generate-reply/index.ts[0m:[0m[33m2057[0m:[0m[33m9[0m

[0m[1mTS2345 [0m[ERROR]: Argument of type 'SupabaseClient<any, "public", "public", any, any>' is not assignable to parameter of type 'SupabaseClient<unknown, { PostgrestVersion: string; }, never, never, { PostgrestVersion: string; }>'.
  Types of property 'rest' are incompatible.
    Type 'PostgrestClient<any, any, "public", any>' is not assignable to type 'PostgrestClient<unknown, { PostgrestVersion: string; }, never, never>'.
      Type '"public"' is not assignable to type 'never'.
        supabaseAdmin,
[0m[31m        ~~~~~~~~~~~~~[0m
    at [0m[36mfile:///home/runner/work/console-chat-hub/console-chat-hub/supabase/functions/generate-reply/index.ts[0m:[0m[33m2074[0m:[0m[33m9[0m

[0m[1mTS2345 [0m[ERROR]: Argument of type 'SupabaseClient<any, "public", "public", any, any>' is not assignable to parameter of type 'SupabaseClient<unknown, { PostgrestVersion: string; }, never, never, { PostgrestVersion: string; }>'.
  Types of property 'rest' are incompatible.
    Type 'PostgrestClient<any, any, "public", any>' is not assignable to type 'PostgrestClient<unknown, { PostgrestVersion: string; }, never, never>'.
      Type '"public"' is not assignable to type 'never'.
      const requiredResponse = await evaluateAndPersistRequiredRulesLive(supabaseAdmin, {
[0m[31m                                                                         ~~~~~~~~~~~~~[0m
    at [0m[36mfile:///home/runner/work/console-chat-hub/console-chat-hub/supabase/functions/generate-reply/index.ts[0m:[0m[33m2098[0m:[0m[33m74[0m

[0m[1mTS2345 [0m[ERROR]: Argument of type 'SupabaseClient<any, "public", "public", any, any>' is not assignable to parameter of type 'SupabaseClient<unknown, { PostgrestVersion: string; }, never, never, { PostgrestVersion: string; }>'.
  Types of property 'rest' are incompatible.
    Type 'PostgrestClient<any, any, "public", any>' is not assignable to type 'PostgrestClient<unknown, { PostgrestVersion: string; }, never, never>'.
      Type '"public"' is not assignable to type 'never'.
        const r1Response = await persistExplicitR1IfRequested(supabaseAdmin, conversation_id, source_message_id, _h1LastMsg);
[0m[31m                                                              ~~~~~~~~~~~~~[0m
    at [0m[36mfile:///home/runner/work/console-chat-hub/console-chat-hub/supabase/functions/generate-reply/index.ts[0m:[0m[33m2120[0m:[0m[33m63[0m

[0m[1mTS2345 [0m[ERROR]: Argument of type 'SupabaseClient<any, "public", "public", any, any>' is not assignable to parameter of type 'SupabaseClient<unknown, { PostgrestVersion: string; }, never, never, { PostgrestVersion: string; }>'.
  Types of property 'rest' are incompatible.
    Type 'PostgrestClient<any, any, "public", any>' is not assignable to type 'PostgrestClient<unknown, { PostgrestVersion: string; }, never, never>'.
      Type '"public"' is not assignable to type 'never'.
        supabaseAdmin,
[0m[31m        ~~~~~~~~~~~~~[0m
    at [0m[36mfile:///home/runner/work/console-chat-hub/console-chat-hub/supabase/functions/generate-reply/index.ts[0m:[0m[33m2124[0m:[0m[33m9[0m

[0m[1mTS2345 [0m[ERROR]: Argument of type 'SupabaseClient<any, "public", "public", any, any>' is not assignable to parameter of type 'SupabaseClient<unknown, { PostgrestVersion: string; }, never, never, { PostgrestVersion: string; }>'.
  Types of property 'rest' are incompatible.
    Type 'PostgrestClient<any, any, "public", any>' is not assignable to type 'PostgrestClient<unknown, { PostgrestVersion: string; }, never, never>'.
      Type '"public"' is not assignable to type 'never'.
        supabaseAdmin,
[0m[31m        ~~~~~~~~~~~~~[0m
    at [0m[36mfile:///home/runner/work/console-chat-hub/console-chat-hub/supabase/functions/generate-reply/index.ts[0m:[0m[33m2141[0m:[0m[33m9[0m

[0m[1mTS2345 [0m[ERROR]: Argument of type 'SupabaseClient<any, "public", "public", any, any>' is not assignable to parameter of type 'SupabaseClient<unknown, { PostgrestVersion: string; }, never, never, { PostgrestVersion: string; }>'.
  Types of property 'rest' are incompatible.
    Type 'PostgrestClient<any, any, "public", any>' is not assignable to type 'PostgrestClient<unknown, { PostgrestVersion: string; }, never, never>'.
      Type '"public"' is not assignable to type 'never'.
      const requiredResponse = await evaluateAndPersistRequiredRulesLive(supabaseAdmin, {
[0m[31m                                                                         ~~~~~~~~~~~~~[0m
    at [0m[36mfile:///home/runner/work/console-chat-hub/console-chat-hub/supabase/functions/generate-reply/index.ts[0m:[0m[33m2151[0m:[0m[33m74[0m

[0m[1mTS2345 [0m[ERROR]: Argument of type 'SupabaseClient<any, "public", "public", any, any>' is not assignable to parameter of type 'SupabaseClient<unknown, { PostgrestVersion: string; }, never, never, { PostgrestVersion: string; }>'.
  Types of property 'rest' are incompatible.
    Type 'PostgrestClient<any, any, "public", any>' is not assignable to type 'PostgrestClient<unknown, { PostgrestVersion: string; }, never, never>'.
      Type '"public"' is not assignable to type 'never'.
        const r1Response = await persistExplicitR1IfRequested(supabaseAdmin, conversation_id, source_message_id, _h1LastMsg);
[0m[31m                                                              ~~~~~~~~~~~~~[0m
    at [0m[36mfile:///home/runner/work/console-chat-hub/console-chat-hub/supabase/functions/generate-reply/index.ts[0m:[0m[33m2173[0m:[0m[33m63[0m

[0m[1mTS2345 [0m[ERROR]: Argument of type 'SupabaseClient<any, "public", "public", any, any>' is not assignable to parameter of type 'SupabaseClient<unknown, { PostgrestVersion: string; }, never, never, { PostgrestVersion: string; }>'.
  Types of property 'rest' are incompatible.
    Type 'PostgrestClient<any, any, "public", any>' is not assignable to type 'PostgrestClient<unknown, { PostgrestVersion: string; }, never, never>'.
      Type '"public"' is not assignable to type 'never'.
        supabaseAdmin,
[0m[31m        ~~~~~~~~~~~~~[0m
    at [0m[36mfile:///home/runner/work/console-chat-hub/console-chat-hub/supabase/functions/generate-reply/index.ts[0m:[0m[33m2177[0m:[0m[33m9[0m

[0m[1mTS2345 [0m[ERROR]: Argument of type 'SupabaseClient<any, "public", "public", any, any>' is not assignable to parameter of type 'SupabaseClient<unknown, { PostgrestVersion: string; }, never, never, { PostgrestVersion: string; }>'.
  Types of property 'rest' are incompatible.
    Type 'PostgrestClient<any, any, "public", any>' is not assignable to type 'PostgrestClient<unknown, { PostgrestVersion: string; }, never, never>'.
      Type '"public"' is not assignable to type 'never'.
        supabaseAdmin,
[0m[31m        ~~~~~~~~~~~~~[0m
    at [0m[36mfile:///home/runner/work/console-chat-hub/console-chat-hub/supabase/functions/generate-reply/index.ts[0m:[0m[33m2194[0m:[0m[33m9[0m

[0m[1mTS2345 [0m[ERROR]: Argument of type 'SupabaseClient<any, "public", "public", any, any>' is not assignable to parameter of type 'SupabaseClient<unknown, { PostgrestVersion: string; }, never, never, { PostgrestVersion: string; }>'.
  Types of property 'rest' are incompatible.
    Type 'PostgrestClient<any, any, "public", any>' is not assignable to type 'PostgrestClient<unknown, { PostgrestVersion: string; }, never, never>'.
      Type '"public"' is not assignable to type 'never'.
    await cleanupThinking(supabaseAdmin, conversation_id, source_message_id);
[0m[31m                          ~~~~~~~~~~~~~[0m
    at [0m[36mfile:///home/runner/work/console-chat-hub/console-chat-hub/supabase/functions/generate-reply/index.ts[0m:[0m[33m2233[0m:[0m[33m27[0m

[0m[1mTS2345 [0m[ERROR]: Argument of type 'SupabaseClient<any, "public", "public", any, any>' is not assignable to parameter of type 'SupabaseClient<unknown, { PostgrestVersion: string; }, never, never, { PostgrestVersion: string; }>'.
  Types of property 'rest' are incompatible.
    Type 'PostgrestClient<any, any, "public", any>' is not assignable to type 'PostgrestClient<unknown, { PostgrestVersion: string; }, never, never>'.
      Type '"public"' is not assignable to type 'never'.
  const _pr5RequiredLiveResponse = await evaluateAndPersistRequiredRulesLive(supabaseAdmin, {
[0m[31m                                                                             ~~~~~~~~~~~~~[0m
    at [0m[36mfile:///home/runner/work/console-chat-hub/console-chat-hub/supabase/functions/generate-reply/index.ts[0m:[0m[33m2302[0m:[0m[33m78[0m

[0m[1mTS2345 [0m[ERROR]: Argument of type 'SupabaseClient<any, "public", "public", any, any>' is not assignable to parameter of type 'SupabaseClient<unknown, { PostgrestVersion: string; }, never, never, { PostgrestVersion: string; }>'.
  Types of property 'rest' are incompatible.
    Type 'PostgrestClient<any, any, "public", any>' is not assignable to type 'PostgrestClient<unknown, { PostgrestVersion: string; }, never, never>'.
      Type '"public"' is not assignable to type 'never'.
    const r1Response = await persistExplicitR1IfRequested(supabaseAdmin, conversation_id, source_message_id, _h1LastMsg);
[0m[31m                                                          ~~~~~~~~~~~~~[0m
    at [0m[36mfile:///home/runner/work/console-chat-hub/console-chat-hub/supabase/functions/generate-reply/index.ts[0m:[0m[33m2325[0m:[0m[33m59[0m

[0m[1mTS2345 [0m[ERROR]: Argument of type 'SupabaseClient<any, "public", "public", any, any>' is not assignable to parameter of type 'SupabaseClient<unknown, { PostgrestVersion: string; }, never, never, { PostgrestVersion: string; }>'.
  Types of property 'rest' are incompatible.
    Type 'PostgrestClient<any, any, "public", any>' is not assignable to type 'PostgrestClient<unknown, { PostgrestVersion: string; }, never, never>'.
      Type '"public"' is not assignable to type 'never'.
    at [0m[36mfile:///home/runner/work/console-chat-hub/console-chat-hub/supabase/functions/generate-reply/index.ts[0m:[0m[33m2395[0m:[0m[33m79[0m

[0m[1mTS2345 [0m[ERROR]: Argument of type 'SupabaseClient<any, "public", "public", any, any>' is not assignable to parameter of type 'SupabaseClient<unknown, { PostgrestVersion: string; }, never, never, { PostgrestVersion: string; }>'.
  Types of property 'rest' are incompatible.
    Type 'PostgrestClient<any, any, "public", any>' is not assignable to type 'PostgrestClient<unknown, { PostgrestVersion: string; }, never, never>'.
      Type '"public"' is not assignable to type 'never'.
    at [0m[36mfile:///home/runner/work/console-chat-hub/console-chat-hub/supabase/functions/generate-reply/index.ts[0m:[0m[33m2398[0m:[0m[33m93[0m

[0m[1mTS2345 [0m[ERROR]: Argument of type '{ role: string; content: any; }[]' is not assignable to parameter of type '{ role: "user" | "assistant"; content: string; }[]'.
  Type '{ role: string; content: any; }' is not assignable to type '{ role: "user" | "assistant"; content: string; }'.
    Types of property 'role' are incompatible.
      Type 'string' is not assignable to type '"user" | "assistant"'.
    user: buildRouterConversationInput(modelMessages),
[0m[31m                                       ~~~~~~~~~~~~~[0m
    at [0m[36mfile:///home/runner/work/console-chat-hub/console-chat-hub/supabase/functions/generate-reply/index.ts[0m:[0m[33m2410[0m:[0m[33m40[0m

[0m[1mTS2345 [0m[ERROR]: Argument of type 'SupabaseClient<any, "public", "public", any, any>' is not assignable to parameter of type 'SupabaseClient<unknown, { PostgrestVersion: string; }, never, never, { PostgrestVersion: string; }>'.
  Types of property 'rest' are incompatible.
    Type 'PostgrestClient<any, any, "public", any>' is not assignable to type 'PostgrestClient<unknown, { PostgrestVersion: string; }, never, never>'.
      Type '"public"' is not assignable to type 'never'.
        supabaseAdmin,
[0m[31m        ~~~~~~~~~~~~~[0m
    at [0m[36mfile:///home/runner/work/console-chat-hub/console-chat-hub/supabase/functions/generate-reply/index.ts[0m:[0m[33m2425[0m:[0m[33m9[0m

[0m[1mTS2345 [0m[ERROR]: Argument of type 'SupabaseClient<any, "public", "public", any, any>' is not assignable to parameter of type 'SupabaseClient<unknown, { PostgrestVersion: string; }, never, never, { PostgrestVersion: string; }>'.
  Types of property 'rest' are incompatible.
    Type 'PostgrestClient<any, any, "public", any>' is not assignable to type 'PostgrestClient<unknown, { PostgrestVersion: string; }, never, never>'.
      Type '"public"' is not assignable to type 'never'.
    await cleanupThinking(supabaseAdmin, conversation_id, source_message_id);
[0m[31m                          ~~~~~~~~~~~~~[0m
    at [0m[36mfile:///home/runner/work/console-chat-hub/console-chat-hub/supabase/functions/generate-reply/index.ts[0m:[0m[33m2432[0m:[0m[33m27[0m

[0m[1mTS2345 [0m[ERROR]: Argument of type 'SupabaseClient<any, "public", "public", any, any>' is not assignable to parameter of type 'SupabaseClient<unknown, { PostgrestVersion: string; }, never, never, { PostgrestVersion: string; }>'.
  Types of property 'rest' are incompatible.
    Type 'PostgrestClient<any, any, "public", any>' is not assignable to type 'PostgrestClient<unknown, { PostgrestVersion: string; }, never, never>'.
      Type '"public"' is not assignable to type 'never'.
    supabaseAdmin,
[0m[31m    ~~~~~~~~~~~~~[0m
    at [0m[36mfile:///home/runner/work/console-chat-hub/console-chat-hub/supabase/functions/generate-reply/index.ts[0m:[0m[33m2443[0m:[0m[33m5[0m

[0m[1mTS2345 [0m[ERROR]: Argument of type 'SupabaseClient<any, "public", "public", any, any>' is not assignable to parameter of type 'SupabaseClient<unknown, { PostgrestVersion: string; }, never, never, { PostgrestVersion: string; }>'.
  Types of property 'rest' are incompatible.
    Type 'PostgrestClient<any, any, "public", any>' is not assignable to type 'PostgrestClient<unknown, { PostgrestVersion: string; }, never, never>'.
      Type '"public"' is not assignable to type 'never'.
    await cleanupThinking(supabaseAdmin, conversation_id, source_message_id);
[0m[31m                          ~~~~~~~~~~~~~[0m
    at [0m[36mfile:///home/runner/work/console-chat-hub/console-chat-hub/supabase/functions/generate-reply/index.ts[0m:[0m[33m2450[0m:[0m[33m27[0m

Found 95 errors.

[0m[1m[31merror[0m: Type checking failed.
EXIT_CODE=1
